Date,ContinuedClaimsPA
1986-02-08,212764.0
1986-02-15,212457.0
1986-02-22,221361.0
1986-03-01,213635.0
1986-03-08,209134.0
1986-03-15,201812.0
1986-03-22,194240.0
1986-03-29,187845.0
1986-04-05,176639.0
1986-04-12,168402.0
1986-04-19,169717.0
1986-04-26,161925.0
1986-05-03,161769.0
1986-05-10,151732.0
1986-05-17,150038.0
1986-05-24,141271.0
1986-05-31,151488.0
1986-06-07,143818.0
1986-06-14,144046.0
1986-06-21,143831.0
1986-06-28,150657.0
1986-07-05,136803.0
1986-07-12,158056.0
1986-07-19,148273.0
1986-07-26,143566.0
1986-08-02,140838.0
1986-08-09,143083.0
1986-08-16,142453.0
1986-08-23,140362.0
1986-08-30,130438.0
1986-09-06,141005.0
1986-09-13,134327.0
1986-09-20,127713.0
1986-09-27,127666.0
1986-10-04,125232.0
1986-10-11,125076.0
1986-10-18,129480.0
1986-10-25,135576.0
1986-11-01,131629.0
1986-11-08,131188.0
1986-11-15,147220.0
1986-11-22,136655.0
1986-11-29,153549.0
1986-12-06,157625.0
1986-12-13,157177.0
1986-12-20,149892.0
1986-12-27,162199.0
1987-01-03,211402.0
1987-01-10,202338.0
1987-01-17,186600.0
1987-01-24,191037.0
1987-01-31,200410.0
1987-02-07,187013.0
1987-02-14,187592.0
1987-02-21,182412.0
1987-02-28,186023.0
1987-03-07,170835.0
1987-03-14,174321.0
1987-03-21,155897.0
1987-03-28,155400.0
1987-04-04,143550.0
1987-04-11,148014.0
1987-04-18,134423.0
1987-04-25,137744.0
1987-05-02,126307.0
1987-05-09,127332.0
1987-05-16,120804.0
1987-05-23,113283.0
1987-05-30,117217.0
1987-06-06,112869.0
1987-06-13,112805.0
1987-06-20,112934.0
1987-06-27,119564.0
1987-07-04,104356.0
1987-07-11,125202.0
1987-07-18,119853.0
1987-07-25,115900.0
1987-08-01,112429.0
1987-08-08,112564.0
1987-08-15,111417.0
1987-08-22,108943.0
1987-08-29,106419.0
1987-09-05,95770.0
1987-09-12,100879.0
1987-09-19,92057.0
1987-09-26,91741.0
1987-10-03,86083.0
1987-10-10,88355.0
1987-10-17,90925.0
1987-10-24,89174.0
1987-10-31,92254.0
1987-11-07,90258.0
1987-11-14,106893.0
1987-11-21,97134.0
1987-11-28,115245.0
1987-12-05,118450.0
1987-12-12,120616.0
1987-12-19,125846.0
1987-12-26,131439.0
1988-01-02,149082.0
1988-01-09,168055.0
1988-01-16,169438.0
1988-01-23,164776.0
1988-01-30,176058.0
1988-02-06,165060.0
1988-02-13,167013.0
1988-02-20,16863.0
1988-02-27,164963.0
1988-03-05,152422.0
1988-03-12,156883.0
1988-03-19,142063.0
1988-03-26,141612.0
1988-04-02,127337.0
1988-04-09,130394.0
1988-04-16,122112.0
1988-04-23,118335.0
1988-04-30,113026.0
1988-05-07,111249.0
1988-05-14,107353.0
1988-05-21,107385.0
1988-05-28,100154.0
1988-06-04,107227.0
1988-06-11,102524.0
1988-06-18,101269.0
1988-06-25,104276.0
1988-07-02,90156.0
1988-07-09,118839.0
1988-07-16,116001.0
1988-07-23,112742.0
1988-07-30,106863.0
1988-08-06,105536.0
1988-08-13,105347.0
1988-08-20,101293.0
1988-08-27,100485.0
1988-09-03,90881.0
1988-09-10,94803.0
1988-09-17,87817.0
1988-09-24,85920.0
1988-10-01,82436.0
1988-10-08,82597.0
1988-10-15,90223.0
1988-10-22,86566.0
1988-10-29,91683.0
1988-11-05,96682.0
1988-11-12,94489.0
1988-11-19,90074.0
1988-11-26,109843.0
1988-12-03,115642.0
1988-12-10,116583.0
1988-12-17,119053.0
1988-12-24,133865.0
1988-12-31,150205.0
1989-01-07,159636.0
1989-01-14,162225.0
1989-01-21,152077.0
1989-01-28,160972.0
1989-02-04,151665.0
1989-02-11,166259.0
1989-02-18,151501.0
1989-02-25,167872.0
1989-03-04,150629.0
1989-03-11,164880.0
1989-03-18,144240.0
1989-03-25,151254.0
1989-04-01,136162.0
1989-04-08,138249.0
1989-04-15,126189.0
1989-04-22,122134.0
1989-04-29,117418.0
1989-05-06,118237.0
1989-05-13,119459.0
1989-05-20,117193.0
1989-05-27,109345.0
1989-06-03,116050.0
1989-06-10,113563.0
1989-06-17,116600.0
1989-06-24,116210.0
1989-07-01,109504.0
1989-07-08,133223.0
1989-07-15,130964.0
1989-07-22,117498.0
1989-07-29,117327.0
1989-08-05,115352.0
1989-08-12,117804.0
1989-08-19,111547.0
1989-08-26,114008.0
1989-09-02,104264.0
1989-09-09,107561.0
1989-09-16,97871.0
1989-09-23,101232.0
1989-09-30,97277.0
1989-10-07,97305.0
1989-10-14,104553.0
1989-10-21,105615.0
1989-10-28,110190.0
1989-11-04,100115.0
1989-11-11,119548.0
1989-11-18,105253.0
1989-11-25,130098.0
1989-12-02,132543.0
1989-12-09,134242.0
1989-12-16,139191.0
1989-12-23,144088.0
1989-12-30,182613.0
1990-01-06,185644.0
1990-01-13,172722.0
1990-01-20,186260.0
1990-01-27,172283.0
1990-02-03,185989.0
1990-02-10,175309.0
1990-02-17,180460.0
1990-02-24,173048.0
1990-03-03,181628.0
1990-03-10,168804.0
1990-03-17,172968.0
1990-03-24,157435.0
1990-03-31,159626.0
1990-04-07,148690.0
1990-04-14,157218.0
1990-04-21,140799.0
1990-04-28,143495.0
1990-05-05,130701.0
1990-05-12,135629.0
1990-05-19,125854.0
1990-05-26,127828.0
1990-06-02,130068.0
1990-06-09,131650.0
1990-06-16,131382.0
1990-06-23,134595.0
1990-06-30,125279.0
1990-07-07,148893.0
1990-07-14,152962.0
1990-07-21,137921.0
1990-07-28,139139.0
1990-08-04,135037.0
1990-08-11,138114.0
1990-08-18,132162.0
1990-08-25,138526.0
1990-09-01,125163.0
1990-09-08,131985.0
1990-09-15,118257.0
1990-09-22,122974.0
1990-09-29,119061.0
1990-10-06,120688.0
1990-10-13,126799.0
1990-10-20,131456.0
1990-10-27,133627.0
1990-11-03,140532.0
1990-11-10,137185.0
1990-11-17,144185.0
1990-11-24,162365.0
1990-12-01,176153.0
1990-12-08,170667.0
1990-12-15,184088.0
1990-12-22,160354.0
1990-12-29,224709.0
1991-01-05,241904.0
1991-01-12,239685.0
1991-01-19,231733.0
1991-01-26,238342.0
1991-02-02,241949.0
1991-02-09,240383.0
1991-02-16,245102.0
1991-02-23,248442.0
1991-03-02,252070.0
1991-03-09,241164.0
1991-03-16,247327.0
1991-03-23,231956.0
1991-03-30,238896.0
1991-04-06,224410.0
1991-04-13,219939.0
1991-04-20,211553.0
1991-04-27,207848.0
1991-05-04,205520.0
1991-05-11,199517.0
1991-05-18,194130.0
1991-05-25,183218.0
1991-06-01,190895.0
1991-06-08,185113.0
1991-06-15,187016.0
1991-06-22,186094.0
1991-06-29,179507.0
1991-07-06,196110.0
1991-07-13,200121.0
1991-07-20,183327.0
1991-07-27,184734.0
1991-08-03,178443.0
1991-08-10,178575.0
1991-08-17,170402.0
1991-08-24,172919.0
1991-08-31,160318.0
1991-09-07,165958.0
1991-09-14,152984.0
1991-09-21,154396.0
1991-09-28,152945.0
1991-10-05,157881.0
1991-10-12,151907.0
1991-10-19,162166.0
1991-10-26,155966.0
1991-11-02,165261.0
1991-11-09,159905.0
1991-11-16,177731.0
1991-11-23,157762.0
1991-11-30,206419.0
1991-12-07,203303.0
1991-12-14,208492.0
1991-12-21,184572.0
1991-12-28,231642.0
1992-01-04,286814.0
1992-01-11,257203.0
1992-01-18,247860.0
1992-01-25,253695.0
1992-02-01,253357.0
1992-02-08,246014.0
1992-02-15,250248.0
1992-02-22,248640.0
1992-02-29,249262.0
1992-03-07,238660.0
1992-03-14,242617.0
1992-03-21,231544.0
1992-03-28,232000.0
1992-04-04,223815.0
1992-04-11,221721.0
1992-04-18,212906.0
1992-04-25,207423.0
1992-05-02,197437.0
1992-05-09,194408.0
1992-05-16,190432.0
1992-05-23,183101.0
1992-05-30,190004.0
1992-06-06,181997.0
1992-06-13,187202.0
1992-06-20,185126.0
1992-06-27,178251.0
1992-07-04,190973.0
1992-07-11,197723.0
1992-07-18,190584.0
1992-07-25,183676.0
1992-08-01,181483.0
1992-08-08,178731.0
1992-08-15,174827.0
1992-08-22,171182.0
1992-08-29,167913.0
1992-09-05,157535.0
1992-09-12,158130.0
1992-09-19,148154.0
1992-09-26,145812.0
1992-10-03,145035.0
1992-10-10,143828.0
1992-10-17,148046.0
1992-10-24,144704.0
1992-10-31,147111.0
1992-11-07,147714.0
1992-11-14,159470.0
1992-11-21,140310.0
1992-11-28,176386.0
1992-12-05,166011.0
1992-12-12,178586.0
1992-12-19,161215.0
1992-12-26,180228.0
1993-01-02,218085.0
1993-01-09,202495.0
1993-01-16,202517.0
1993-01-23,197128.0
1993-01-30,199488.0
1993-02-06,193150.0
1993-02-13,195144.0
1993-02-20,196540.0
1993-02-27,201117.0
1993-03-06,192301.0
1993-03-13,192134.0
1993-03-20,201639.0
1993-03-27,194605.0
1993-04-03,180843.0
1993-04-10,187996.0
1993-04-17,173976.0
1993-04-24,168250.0
1993-05-01,160444.0
1993-05-08,155221.0
1993-05-15,155912.0
1993-05-22,150993.0
1993-05-29,148599.0
1993-06-05,152508.0
1993-06-12,154101.0
1993-06-19,150151.0
1993-06-26,157809.0
1993-07-03,146241.0
1993-07-10,168224.0
1993-07-17,158473.0
1993-07-24,155107.0
1993-07-31,149003.0
1993-08-07,150584.0
1993-08-14,147314.0
1993-08-21,146816.0
1993-08-28,143410.0
1993-09-04,139291.0
1993-09-11,138728.0
1993-09-18,135504.0
1993-09-25,130895.0
1993-10-02,132679.0
1993-10-09,130083.0
1993-10-16,140712.0
1993-10-23,135138.0
1993-10-30,141069.0
1993-11-06,137267.0
1993-11-13,151016.0
1993-11-20,130710.0
1993-11-27,167983.0
1993-12-04,161000.0
1993-12-11,168240.0
1993-12-18,159427.0
1993-12-25,172743.0
1994-01-01,198325.0
1994-01-08,221651.0
1994-01-15,202906.0
1994-01-22,245837.0
1994-01-29,249081.0
1994-02-05,222952.0
1994-02-12,241481.0
1994-02-19,218235.0
1994-02-26,228136.0
1994-03-05,228370.0
1994-03-12,228130.0
1994-03-19,208999.0
1994-03-26,208188.0
1994-04-02,195686.0
1994-04-09,196281.0
1994-04-16,191511.0
1994-04-23,177957.0
1994-04-30,178829.0
1994-05-07,165397.0
1994-05-14,171423.0
1994-05-21,156269.0
1994-05-28,162476.0
1994-06-04,157622.0
1994-06-11,162418.0
1994-06-18,153639.0
1994-06-25,163337.0
1994-07-02,148892.0
1994-07-09,170917.0
1994-07-16,164620.0
1994-07-23,159842.0
1994-07-30,151653.0
1994-08-06,152960.0
1994-08-13,149434.0
1994-08-20,146523.0
1994-08-27,145054.0
1994-09-03,134630.0
1994-09-10,134731.0
1994-09-17,126803.0
1994-09-24,125004.0
1994-10-01,121878.0
1994-10-08,121017.0
1994-10-15,127385.0
1994-10-22,121464.0
1994-10-29,128599.0
1994-11-05,120704.0
1994-11-12,137946.0
1994-11-19,117502.0
1994-11-26,155677.0
1994-12-03,147933.0
1994-12-10,154575.0
1994-12-17,153184.0
1994-12-24,156366.0
1994-12-31,184944.0
1995-01-07,194346.0
1995-01-14,203238.0
1995-01-21,189420.0
1995-01-28,209750.0
1995-02-04,193535.0
1995-02-11,212920.0
1995-02-18,199507.0
1995-02-25,212668.0
1995-03-04,197534.0
1995-03-11,209626.0
1995-03-18,186907.0
1995-03-25,190227.0
1995-04-01,170256.0
1995-04-08,174660.0
1995-04-15,170806.0
1995-04-22,164466.0
1995-04-29,159881.0
1995-05-06,155277.0
1995-05-13,157053.0
1995-05-20,152721.0
1995-05-27,151398.0
1995-06-03,153843.0
1995-06-10,156557.0
1995-06-17,153347.0
1995-06-24,159693.0
1995-07-01,148320.0
1995-07-08,175105.0
1995-07-15,169372.0
1995-07-22,160300.0
1995-07-29,158255.0
1995-08-05,155599.0
1995-08-12,154350.0
1995-08-19,150143.0
1995-08-26,150190.0
1995-09-02,138194.0
1995-09-09,140301.0
1995-09-16,132874.0
1995-09-23,132702.0
1995-09-30,130657.0
1995-10-07,130957.0
1995-10-14,141474.0
1995-10-21,133168.0
1995-10-28,140616.0
1995-11-04,132303.0
1995-11-11,155873.0
1995-11-18,141833.0
1995-11-25,186289.0
1995-12-02,173040.0
1995-12-09,175060.0
1995-12-16,175473.0
1995-12-23,183155.0
1995-12-30,208785.0
1996-01-06,204551.0
1996-01-13,248412.0
1996-01-20,269923.0
1996-01-27,231498.0
1996-02-03,238545.0
1996-02-10,220449.0
1996-02-17,227095.0
1996-02-24,217650.0
1996-03-02,221246.0
1996-03-09,216028.0
1996-03-16,214845.0
1996-03-23,198983.0
1996-03-30,196116.0
1996-04-06,183676.0
1996-04-13,180543.0
1996-04-20,170334.0
1996-04-27,162958.0
1996-05-04,161257.0
1996-05-11,158131.0
1996-05-18,152049.0
1996-05-25,147557.0
1996-06-01,150720.0
1996-06-08,145745.0
1996-06-15,150514.0
1996-06-22,148400.0
1996-06-29,146498.0
1996-07-06,158683.0
1996-07-13,163215.0
1996-07-20,152285.0
1996-07-27,153462.0
1996-08-03,149145.0
1996-08-10,146640.0
1996-08-17,141748.0
1996-08-24,140257.0
1996-08-31,129299.0
1996-09-07,129814.0
1996-09-14,122334.0
1996-09-21,119449.0
1996-09-28,118380.0
1996-10-05,118176.0
1996-10-12,113466.0
1996-10-19,126665.0
1996-10-26,119512.0
1996-11-02,124506.0
1996-11-09,121783.0
1996-11-16,133302.0
1996-11-23,122170.0
1996-11-30,155283.0
1996-12-07,151254.0
1996-12-14,154651.0
1996-12-21,145850.0
1996-12-28,176070.0
1997-01-04,215358.0
1997-01-11,193522.0
1997-01-18,197099.0
1997-01-25,193508.0
1997-02-01,197150.0
1997-02-08,188091.0
1997-02-15,192775.0
1997-02-22,180047.0
1997-03-01,188911.0
1997-03-08,180674.0
1997-03-15,184217.0
1997-03-22,164030.0
1997-03-29,168512.0
1997-04-05,154943.0
1997-04-12,152956.0
1997-04-19,145099.0
1997-04-26,141738.0
1997-05-03,137939.0
1997-05-10,136477.0
1997-05-17,130314.0
1997-05-24,128568.0
1997-05-31,131440.0
1997-06-07,130578.0
1997-06-14,134737.0
1997-06-21,136063.0
1997-06-28,133721.0
1997-07-05,141340.0
1997-07-12,142281.0
1997-07-19,138401.0
1997-07-26,135006.0
1997-08-02,133177.0
1997-08-09,132129.0
1997-08-16,135425.0
1997-08-23,131182.0
1997-08-30,124145.0
1997-09-06,117964.0
1997-09-13,113814.0
1997-09-20,108960.0
1997-09-27,110468.0
1997-10-04,107132.0
1997-10-11,109111.0
1997-10-18,109771.0
1997-10-25,113308.0
1997-11-01,123185.0
1997-11-08,125759.0
1997-11-15,136222.0
1997-11-22,116247.0
1997-11-29,145345.0
1997-12-06,141491.0
1997-12-13,147756.0
1997-12-20,137629.0
1997-12-27,162942.0
1998-01-03,214777.0
1998-01-10,185075.0
1998-01-17,191038.0
1998-01-24,176206.0
1998-01-31,190750.0
1998-02-07,174630.0
1998-02-14,188247.0
1998-02-21,172269.0
1998-02-28,188288.0
1998-03-07,166712.0
1998-03-14,187883.0
1998-03-21,158919.0
1998-03-28,166506.0
1998-04-04,141119.0
1998-04-11,149137.0
1998-04-18,136187.0
1998-04-25,134960.0
1998-05-02,124699.0
1998-05-09,130504.0
1998-05-16,122020.0
1998-05-23,123003.0
1998-05-30,119462.0
1998-06-06,122376.0
1998-06-13,125727.0
1998-06-20,134245.0
1998-06-27,133775.0
1998-07-04,144859.0
1998-07-11,142192.0
1998-07-18,141854.0
1998-07-25,134884.0
1998-08-01,135557.0
1998-08-08,131466.0
1998-08-15,131932.0
1998-08-22,126254.0
1998-08-29,126303.0
1998-09-05,113533.0
1998-09-12,115094.0
1998-09-19,104711.0
1998-09-26,107596.0
1998-10-03,103473.0
1998-10-10,107163.0
1998-10-17,110389.0
1998-10-24,108223.0
1998-10-31,109644.0
1998-11-07,110671.0
1998-11-14,121339.0
1998-11-21,111982.0
1998-11-28,136590.0
1998-12-05,135954.0
1998-12-12,143123.0
1998-12-19,132698.0
1998-12-26,151551.0
1999-01-02,197567.0
1999-01-09,170572.0
1999-01-16,205870.0
1999-01-23,175809.0
1999-01-30,194899.0
1999-02-06,166350.0
1999-02-13,188385.0
1999-02-20,162094.0
1999-02-27,185169.0
1999-03-06,159876.0
1999-03-13,180631.0
1999-03-20,155235.0
1999-03-27,164586.0
1999-04-03,143678.0
1999-04-10,149762.0
1999-04-17,132654.0
1999-04-24,134493.0
1999-05-01,124506.0
1999-05-08,125817.0
1999-05-15,120855.0
1999-05-22,121611.0
1999-05-29,118048.0
1999-06-05,122288.0
1999-06-12,121723.0
1999-06-19,128235.0
1999-06-26,130908.0
1999-07-03,129578.0
1999-07-10,138112.0
1999-07-17,136187.0
1999-07-24,132790.0
1999-07-31,130224.0
1999-08-07,130124.0
1999-08-14,130994.0
1999-08-21,127528.0
1999-08-28,125783.0
1999-09-04,115430.0
1999-09-11,113583.0
1999-09-18,106494.0
1999-09-25,105991.0
1999-10-02,102738.0
1999-10-09,100986.0
1999-10-16,105417.0
1999-10-23,101673.0
1999-10-30,105257.0
1999-11-06,102922.0
1999-11-13,113444.0
1999-11-20,103731.0
1999-11-27,125461.0
1999-12-04,127148.0
1999-12-11,135429.0
1999-12-18,126326.0
1999-12-25,145278.0
2000-01-01,165976.0
2000-01-08,162619.0
2000-01-15,171527.0
2000-01-22,159302.0
2000-01-29,185917.0
2000-02-05,169088.0
2000-02-12,182707.0
2000-02-19,161177.0
2000-02-26,174889.0
2000-03-04,150725.0
2000-03-11,158855.0
2000-03-18,137256.0
2000-03-25,145330.0
2000-04-01,126753.0
2000-04-08,132588.0
2000-04-15,120973.0
2000-04-22,123477.0
2000-04-29,118850.0
2000-05-06,114577.0
2000-05-13,111370.0
2000-05-20,110368.0
2000-05-27,109976.0
2000-06-03,112705.0
2000-06-10,113695.0
2000-06-17,120776.0
2000-06-24,123972.0
2000-07-01,123218.0
2000-07-08,128371.0
2000-07-15,135948.0
2000-07-22,124575.0
2000-07-29,126908.0
2000-08-05,122826.0
2000-08-12,127852.0
2000-08-19,121822.0
2000-08-26,124231.0
2000-09-02,109908.0
2000-09-09,111789.0
2000-09-16,101951.0
2000-09-23,102199.0
2000-09-30,98501.0
2000-10-07,101654.0
2000-10-14,107755.0
2000-10-21,102209.0
2000-10-28,109069.0
2000-11-04,101371.0
2000-11-11,118753.0
2000-11-18,97222.0
2000-11-25,132100.0
2000-12-02,138444.0
2000-12-09,147104.0
2000-12-16,147099.0
2000-12-23,151691.0
2000-12-30,181735.0
2001-01-06,195075.0
2001-01-13,175839.0
2001-01-20,203051.0
2001-01-27,182124.0
2001-02-03,208390.0
2001-02-10,186162.0
2001-02-17,207334.0
2001-02-24,185777.0
2001-03-03,201847.0
2001-03-10,183978.0
2001-03-17,206488.0
2001-03-24,174395.0
2001-03-31,180418.0
2001-04-07,158440.0
2001-04-14,177652.0
2001-04-21,154485.0
2001-04-28,168302.0
2001-05-05,148060.0
2001-05-12,160880.0
2001-05-19,143250.0
2001-05-26,161302.0
2001-06-02,152152.0
2001-06-09,168872.0
2001-06-16,162788.0
2001-06-23,177032.0
2001-06-30,161889.0
2001-07-07,182511.0
2001-07-14,186731.0
2001-07-21,167578.0
2001-07-28,173937.0
2001-08-04,173525.0
2001-08-11,175545.0
2001-08-18,172752.0
2001-08-25,172775.0
2001-09-01,162829.0
2001-09-08,160540.0
2001-09-15,156327.0
2001-09-22,151334.0
2001-09-29,154129.0
2001-10-06,157279.0
2001-10-13,162109.0
2001-10-20,168447.0
2001-10-27,167600.0
2001-11-03,174823.0
2001-11-10,178051.0
2001-11-17,179615.0
2001-11-24,191734.0
2001-12-01,217015.0
2001-12-08,206814.0
2001-12-15,212085.0
2001-12-22,204274.0
2001-12-29,245851.0
2002-01-05,282171.0
2002-01-12,256267.0
2002-01-19,260254.0
2002-01-26,246899.0
2002-02-02,259714.0
2002-02-09,245248.0
2002-02-16,256996.0
2002-02-23,239959.0
2002-03-02,250188.0
2002-03-09,233037.0
2002-03-16,240106.0
2002-03-23,223316.0
2002-03-30,237205.0
2002-04-06,219685.0
2002-04-13,214717.0
2002-04-20,203913.0
2002-04-27,202416.0
2002-05-04,196774.0
2002-05-11,200578.0
2002-05-18,192163.0
2002-05-25,193593.0
2002-06-01,187540.0
2002-06-08,189280.0
2002-06-15,193787.0
2002-06-22,197682.0
2002-06-29,192600.0
2002-07-06,202309.0
2002-07-13,210766.0
2002-07-20,198969.0
2002-07-27,197545.0
2002-08-03,192427.0
2002-08-10,194468.0
2002-08-17,191466.0
2002-08-24,189860.0
2002-08-31,180647.0
2002-09-07,179098.0
2002-09-14,173977.0
2002-09-21,167137.0
2002-09-28,167469.0
2002-10-05,167834.0
2002-10-12,170920.0
2002-10-19,174998.0
2002-10-26,179183.0
2002-11-02,179844.0
2002-11-09,185443.0
2002-11-16,192133.0
2002-11-23,187255.0
2002-11-30,209352.0
2002-12-07,224040.0
2002-12-14,229722.0
2002-12-21,213088.0
2002-12-28,237799.0
2003-01-04,305482.0
2003-01-11,251957.0
2003-01-18,267764.0
2003-01-25,252450.0
2003-02-01,273445.0
2003-02-08,254822.0
2003-02-15,275240.0
2003-02-22,264229.0
2003-03-01,286516.0
2003-03-08,253484.0
2003-03-15,269795.0
2003-03-22,233419.0
2003-03-29,245344.0
2003-04-05,219938.0
2003-04-12,231331.0
2003-04-19,224486.0
2003-04-26,218913.0
2003-05-03,206226.0
2003-05-10,208977.0
2003-05-17,202154.0
2003-05-24,201616.0
2003-05-31,198580.0
2003-06-07,200996.0
2003-06-14,204862.0
2003-06-21,210365.0
2003-06-28,209523.0
2003-07-05,213887.0
2003-07-12,222427.0
2003-07-19,216532.0
2003-07-26,208608.0
2003-08-02,208418.0
2003-08-09,204095.0
2003-08-16,205253.0
2003-08-23,198996.0
2003-08-30,192999.0
2003-09-06,187162.0
2003-09-13,183639.0
2003-09-20,175463.0
2003-09-27,175342.0
2003-10-04,171281.0
2003-10-11,171764.0
2003-10-18,174129.0
2003-10-25,172325.0
2003-11-01,175266.0
2003-11-08,175246.0
2003-11-15,182076.0
2003-11-22,175182.0
2003-11-29,195533.0
2003-12-06,207265.0
2003-12-13,207261.0
2003-12-20,202772.0
2003-12-27,218007.0
2004-01-03,286078.0
2004-01-10,230443.0
2004-01-17,253882.0
2004-01-24,228599.0
2004-01-31,257189.0
2004-02-07,244849.0
2004-02-14,254129.0
2004-02-21,225190.0
2004-02-28,242708.0
2004-03-06,213789.0
2004-03-13,230308.0
2004-03-20,204380.0
2004-03-27,218067.0
2004-04-03,188021.0
2004-04-10,200828.0
2004-04-17,185481.0
2004-04-24,182603.0
2004-05-01,168549.0
2004-05-08,168927.0
2004-05-15,164948.0
2004-05-22,162945.0
2004-05-29,160980.0
2004-06-05,162963.0
2004-06-12,163220.0
2004-06-19,172473.0
2004-06-26,171634.0
2004-07-03,172571.0
2004-07-10,177481.0
2004-07-17,181331.0
2004-07-24,174030.0
2004-07-31,171734.0
2004-08-07,169390.0
2004-08-14,172580.0
2004-08-21,164377.0
2004-08-28,164973.0
2004-09-04,151526.0
2004-09-11,150260.0
2004-09-18,142803.0
2004-09-25,139577.0
2004-10-02,137924.0
2004-10-09,137242.0
2004-10-16,143658.0
2004-10-23,141374.0
2004-10-30,145434.0
2004-11-06,140690.0
2004-11-13,153900.0
2004-11-20,145852.0
2004-11-27,167076.0
2004-12-04,179302.0
2004-12-11,179509.0
2004-12-18,172978.0
2004-12-25,184025.0
2005-01-01,230094.0
2005-01-08,205181.0
2005-01-15,237597.0
2005-01-22,198966.0
2005-01-29,239649.0
2005-02-05,202017.0
2005-02-12,228844.0
2005-02-19,195462.0
2005-02-26,226546.0
2005-03-05,198849.0
2005-03-12,226994.0
2005-03-19,187124.0
2005-03-26,208037.0
2005-04-02,179507.0
2005-04-09,184072.0
2005-04-16,161794.0
2005-04-23,163525.0
2005-04-30,151922.0
2005-05-07,153383.0
2005-05-14,147467.0
2005-05-21,147553.0
2005-05-28,145227.0
2005-06-04,149689.0
2005-06-11,148806.0
2005-06-18,157498.0
2005-06-25,159414.0
2005-07-02,158735.0
2005-07-09,166386.0
2005-07-16,166499.0
2005-07-23,162828.0
2005-07-30,160051.0
2005-08-06,158529.0
2005-08-13,159543.0
2005-08-20,154008.0
2005-08-27,155002.0
2005-09-03,143851.0
2005-09-10,141152.0
2005-09-17,130143.0
2005-09-24,128984.0
2005-10-01,125925.0
2005-10-08,126266.0
2005-10-15,133861.0
2005-10-22,130253.0
2005-10-29,134311.0
2005-11-05,133900.0
2005-11-12,139762.0
2005-11-19,134558.0
2005-11-26,158189.0
2005-12-03,168465.0
2005-12-10,169814.0
2005-12-17,173904.0
2005-12-24,178420.0
2005-12-31,207792.0
2006-01-07,206075.0
2006-01-14,219643.0
2006-01-21,191772.0
2006-01-28,217645.0
2006-02-04,192653.0
2006-02-11,214853.0
2006-02-18,191294.0
2006-02-25,211495.0
2006-03-04,186307.0
2006-03-11,204724.0
2006-03-18,177587.0
2006-03-25,187379.0
2006-04-01,163156.0
2006-04-08,165412.0
2006-04-15,157903.0
2006-04-22,156142.0
2006-04-29,147479.0
2006-05-06,142895.0
2006-05-13,143838.0
2006-05-20,142177.0
2006-05-27,147474.0
2006-06-03,141699.0
2006-06-10,147372.0
2006-06-17,150687.0
2006-06-24,161220.0
2006-07-01,157744.0
2006-07-08,171588.0
2006-07-15,170076.0
2006-07-22,158515.0
2006-07-29,157714.0
2006-08-05,153898.0
2006-08-12,157886.0
2006-08-19,150524.0
2006-08-26,151934.0
2006-09-02,141543.0
2006-09-09,138403.0
2006-09-16,128379.0
2006-09-23,126538.0
2006-09-30,122884.0
2006-10-07,122917.0
2006-10-14,129774.0
2006-10-21,125759.0
2006-10-28,133078.0
2006-11-04,127525.0
2006-11-11,139822.0
2006-11-18,132733.0
2006-11-25,158067.0
2006-12-02,163586.0
2006-12-09,167469.0
2006-12-16,160163.0
2006-12-23,165305.0
2006-12-30,193136.0
2007-01-06,208275.0
2007-01-13,192164.0
2007-01-20,209522.0
2007-01-27,193678.0
2007-02-03,211447.0
2007-02-10,199672.0
2007-02-17,234365.0
2007-02-24,206373.0
2007-03-03,213469.0
2007-03-10,192439.0
2007-03-17,204668.0
2007-03-24,179134.0
2007-03-31,181849.0
2007-04-07,159312.0
2007-04-14,177883.0
2007-04-21,148327.0
2007-04-28,161054.0
2007-05-05,136194.0
2007-05-12,148693.0
2007-05-19,131942.0
2007-05-26,145270.0
2007-06-02,133861.0
2007-06-09,145595.0
2007-06-16,141688.0
2007-06-23,161461.0
2007-06-30,147700.0
2007-07-07,167535.0
2007-07-14,168275.0
2007-07-21,159282.0
2007-07-28,158045.0
2007-08-04,155124.0
2007-08-11,157291.0
2007-08-18,153129.0
2007-08-25,153585.0
2007-09-01,144431.0
2007-09-08,137399.0
2007-09-15,129044.0
2007-09-22,126447.0
2007-09-29,124301.0
2007-10-06,124607.0
2007-10-13,125992.0
2007-10-20,131726.0
2007-10-27,130346.0
2007-11-03,141993.0
2007-11-10,134425.0
2007-11-17,144001.0
2007-11-24,154074.0
2007-12-01,177680.0
2007-12-08,164669.0
2007-12-15,181905.0
2007-12-22,168614.0
2007-12-29,206001.0
2008-01-05,235301.0
2008-01-12,209797.0
2008-01-19,211779.0
2008-01-26,208371.0
2008-02-02,221088.0
2008-02-09,212404.0
2008-02-16,222263.0
2008-02-23,216636.0
2008-03-01,219564.0
2008-03-08,206541.0
2008-03-15,210883.0
2008-03-22,197802.0
2008-03-29,207371.0
2008-04-05,180866.0
2008-04-12,183075.0
2008-04-19,168950.0
2008-04-26,168332.0
2008-05-03,159858.0
2008-05-10,165830.0
2008-05-17,158734.0
2008-05-24,164603.0
2008-05-31,158584.0
2008-06-07,160413.0
2008-06-14,167308.0
2008-06-21,177773.0
2008-06-28,175090.0
2008-07-05,183667.0
2008-07-12,185440.0
2008-07-19,188227.0
2008-07-26,184007.0
2008-08-02,186547.0
2008-08-09,184121.0
2008-08-16,185110.0
2008-08-23,182531.0
2008-08-30,176082.0
2008-09-06,171571.0
2008-09-13,165216.0
2008-09-20,162779.0
2008-09-27,161609.0
2008-10-04,162845.0
2008-10-11,166526.0
2008-10-18,176431.0
2008-10-25,176046.0
2008-11-01,187707.0
2008-11-08,192498.0
2008-11-15,209192.0
2008-11-22,204503.0
2008-11-29,244131.0
2008-12-06,260160.0
2008-12-13,266070.0
2008-12-20,258576.0
2008-12-27,289920.0
2009-01-03,365728.0
2009-01-10,321316.0
2009-01-17,342388.0
2009-01-24,327945.0
2009-01-31,354997.0
2009-02-07,345150.0
2009-02-14,371104.0
2009-02-21,352519.0
2009-02-28,378705.0
2009-03-07,361265.0
2009-03-14,387556.0
2009-03-21,359007.0
2009-03-28,374656.0
2009-04-04,352494.0
2009-04-11,371447.0
2009-04-18,364217.0
2009-04-25,362797.0
2009-05-02,348586.0
2009-05-09,354572.0
2009-05-16,345081.0
2009-05-23,343580.0
2009-05-30,342527.0
2009-06-06,344959.0
2009-06-13,345468.0
2009-06-20,357148.0
2009-06-27,350762.0
2009-07-04,357308.0
2009-07-11,357876.0
2009-07-18,360532.0
2009-07-25,345940.0
2009-08-01,340018.0
2009-08-08,332122.0
2009-08-15,332273.0
2009-08-22,326380.0
2009-08-29,318146.0
2009-09-05,301039.0
2009-09-12,295058.0
2009-09-19,277401.0
2009-09-26,276254.0
2009-10-03,268695.0
2009-10-10,273422.0
2009-10-17,271778.0
2009-10-24,271599.0
2009-10-31,265219.0
2009-11-07,271580.0
2009-11-14,274469.0
2009-11-21,262157.0
2009-11-28,291380.0
2009-12-05,307373.0
2009-12-12,298646.0
2009-12-19,287071.0
2009-12-26,303693.0
2010-01-02,378465.0
2010-01-09,325433.0
2010-01-16,354872.0
2010-01-23,336974.0
2010-01-30,347551.0
2010-02-06,312250.0
2010-02-13,348466.0
2010-02-20,336914.0
2010-02-27,344029.0
2010-03-06,312445.0
2010-03-13,327828.0
2010-03-20,296282.0
2010-03-27,305904.0
2010-04-03,275960.0
2010-04-10,289789.0
2010-04-17,263915.0
2010-04-24,260787.0
2010-05-01,250319.0
2010-05-08,254474.0
2010-05-15,243919.0
2010-05-22,249457.0
2010-05-29,237659.0
2010-06-05,243935.0
2010-06-12,238490.0
2010-06-19,253812.0
2010-06-26,255993.0
2010-07-03,258499.0
2010-07-10,273044.0
2010-07-17,284864.0
2010-07-24,260490.0
2010-07-31,258688.0
2010-08-07,252870.0
2010-08-14,257544.0
2010-08-21,246328.0
2010-08-28,247156.0
2010-09-04,226540.0
2010-09-11,227009.0
2010-09-18,212181.0
2010-09-25,214211.0
2010-10-02,205100.0
2010-10-09,217317.0
2010-10-16,216254.0
2010-10-23,212966.0
2010-10-30,212367.0
2010-11-06,211225.0
2010-11-13,221865.0
2010-11-20,206773.0
2010-11-27,235762.0
2010-12-04,242837.0
2010-12-11,246426.0
2010-12-18,235332.0
2010-12-25,252983.0
2011-01-01,286066.0
2011-01-08,274927.0
2011-01-15,289768.0
2011-01-22,274888.0
2011-01-29,300031.0
2011-02-05,274275.0
2011-02-12,294729.0
2011-02-19,263437.0
2011-02-26,282022.0
2011-03-05,257413.0
2011-03-12,272416.0
2011-03-19,246695.0
2011-03-26,253935.0
2011-04-02,230676.0
2011-04-09,235820.0
2011-04-16,226560.0
2011-04-23,224549.0
2011-04-30,221758.0
2011-05-07,211401.0
2011-05-14,209770.0
2011-05-21,207098.0
2011-05-28,208085.0
2011-06-04,206920.0
2011-06-11,205884.0
2011-06-18,214956.0
2011-06-25,221765.0
2011-07-02,220712.0
2011-07-09,230517.0
2011-07-16,238954.0
2011-07-23,227559.0
2011-07-30,228748.0
2011-08-06,223896.0
2011-08-13,227203.0
2011-08-20,220080.0
2011-08-27,222984.0
2011-09-03,203336.0
2011-09-10,207950.0
2011-09-17,207707.0
2011-09-24,193347.0
2011-10-01,186874.0
2011-10-08,186287.0
2011-10-15,192010.0
2011-10-22,190616.0
2011-10-29,190747.0
2011-11-05,189401.0
2011-11-12,200673.0
2011-11-19,188946.0
2011-11-26,213755.0
2011-12-03,227674.0
2011-12-10,222313.0
2011-12-17,216985.0
2011-12-24,220641.0
2011-12-31,254831.0
2012-01-07,256747.0
2012-01-14,268226.0
2012-01-21,244069.0
2012-01-28,270783.0
2012-02-04,242078.0
2012-02-11,264165.0
2012-02-18,235657.0
2012-02-25,258923.0
2012-03-03,234091.0
2012-03-10,247895.0
2012-03-17,222678.0
2012-03-24,229834.0
2012-03-31,203591.0
2012-04-07,209637.0
2012-04-14,210712.0
2012-04-21,198286.0
2012-04-28,195887.0
2012-05-05,192253.0
2012-05-12,193044.0
2012-05-19,188927.0
2012-05-26,188856.0
2012-06-02,190247.0
2012-06-09,196796.0
2012-06-16,199809.0
2012-06-23,206663.0
2012-06-30,200844.0
2012-07-07,210400.0
2012-07-14,221881.0
2012-07-21,206333.0
2012-07-28,212907.0
2012-08-04,203835.0
2012-08-11,210390.0
2012-08-18,202646.0
2012-08-25,204715.0
2012-09-01,187826.0
2012-09-08,186366.0
2012-09-15,174855.0
2012-09-22,174147.0
2012-09-29,165501.0
2012-10-06,164471.0
2012-10-13,170384.0
2012-10-20,174641.0
2012-10-27,162407.0
2012-11-03,180498.0
2012-11-10,194445.0
2012-11-17,179911.0
2012-11-24,198836.0
2012-12-01,211191.0
2012-12-08,207034.0
2012-12-15,207439.0
2012-12-22,202536.0
2012-12-29,232297.0
2013-01-05,262236.0
2013-01-12,242912.0
2013-01-19,231584.0
2013-01-26,238342.0
2013-02-02,236395.0
2013-02-09,231913.0
2013-02-16,226270.0
2013-02-23,224327.0
2013-03-02,221427.0
2013-03-09,215162.0
2013-03-16,212934.0
2013-03-23,203239.0
2013-03-30,204499.0
2013-04-06,195423.0
2013-04-13,180025.0
2013-04-20,177650.0
2013-04-27,166937.0
2013-05-04,166458.0
2013-05-11,160288.0
2013-05-18,161721.0
2013-05-25,156326.0
2013-06-01,162818.0
2013-06-08,156507.0
2013-06-15,167995.0
2013-06-22,172579.0
2013-06-29,172606.0
2013-07-06,178195.0
2013-07-13,188426.0
2013-07-20,182657.0
2013-07-27,177172.0
2013-08-03,176977.0
2013-08-10,174732.0
2013-08-17,176220.0
2013-08-24,171177.0
2013-08-31,162192.0
2013-09-07,155308.0
2013-09-14,148008.0
2013-09-21,144366.0
2013-09-28,142397.0
2013-10-05,140702.0
2013-10-12,139668.0
2013-10-19,148297.0
2013-10-26,144009.0
2013-11-02,149278.0
2013-11-09,147455.0
2013-11-16,158373.0
2013-11-23,150680.0
2013-11-30,170714.0
2013-12-07,190585.0
2013-12-14,182170.0
2013-12-21,184906.0
2013-12-28,198430.0
2014-01-04,248455.0
2014-01-11,212492.0
2014-01-18,227665.0
2014-01-25,210854.0
2014-02-01,230743.0
2014-02-08,211536.0
2014-02-15,229858.0
2014-02-22,209828.0
2014-03-01,216278.0
2014-03-08,200446.0
2014-03-15,209219.0
2014-03-22,189954.0
2014-03-29,190925.0
2014-04-05,174874.0
2014-04-12,170501.0
2014-04-19,166504.0
2014-04-26,160969.0
2014-05-03,156316.0
2014-05-10,152121.0
2014-05-17,151136.0
2014-05-24,148278.0
2014-05-31,148189.0
2014-06-07,144415.0
2014-06-14,145960.0
2014-06-21,157489.0
2014-06-28,154598.0
2014-07-05,159715.0
2014-07-12,159176.0
2014-07-19,165001.0
2014-07-26,151629.0
2014-08-02,157614.0
2014-08-09,150058.0
2014-08-16,155668.0
2014-08-23,145331.0
2014-08-30,139487.0
2014-09-06,128071.0
2014-09-13,123035.0
2014-09-20,118713.0
2014-09-27,117437.0
2014-10-04,114446.0
2014-10-11,114129.0
2014-10-18,119908.0
2014-10-25,117126.0
2014-11-01,120019.0
2014-11-08,118675.0
2014-11-15,127991.0
2014-11-22,121818.0
2014-11-29,150572.0
2014-12-06,149790.0
2014-12-13,158789.0
2014-12-20,140453.0
2014-12-27,171018.0
2015-01-03,204851.0
2015-01-10,183923.0
2015-01-17,187309.0
2015-01-24,175009.0
2015-01-31,182309.0
2015-02-07,179226.0
2015-02-14,183586.0
2015-02-21,178157.0
2015-02-28,190625.0
2015-03-07,176560.0
2015-03-14,181880.0
2015-03-21,162860.0
2015-03-28,159651.0
2015-04-04,145593.0
2015-04-11,146197.0
2015-04-18,137624.0
2015-04-25,127124.0
2015-05-02,125848.0
2015-05-09,121028.0
2015-05-16,121512.0
2015-05-23,120340.0
2015-05-30,122828.0
2015-06-06,123099.0
2015-06-13,129095.0
2015-06-20,138404.0
2015-06-27,138429.0
2015-07-04,143026.0
2015-07-11,143667.0
2015-07-18,149813.0
2015-07-25,139219.0
2015-08-01,143944.0
2015-08-08,137852.0
2015-08-15,144290.0
2015-08-22,134854.0
2015-08-29,137998.0
2015-09-05,120851.0
2015-09-12,121041.0
2015-09-19,111591.0
2015-09-26,114042.0
2015-10-03,109520.0
2015-10-10,113587.0
2015-10-17,113589.0
2015-10-24,113022.0
2015-10-31,114641.0
2015-11-07,117013.0
2015-11-14,122500.0
2015-11-21,122132.0
2015-11-28,133753.0
2015-12-05,146715.0
2015-12-12,148418.0
2015-12-19,137846.0
2015-12-26,156642.0
2016-01-02,192288.0
2016-01-09,178904.0
2016-01-16,183410.0
2016-01-23,172917.0
2016-01-30,185338.0
2016-02-06,178048.0
2016-02-13,183005.0
2016-02-20,174217.0
2016-02-27,180871.0
2016-03-05,166874.0
2016-03-12,167038.0
2016-03-19,152955.0
2016-03-26,152806.0
2016-04-02,145199.0
2016-04-09,140843.0
2016-04-16,136040.0
2016-04-23,127496.0
2016-04-30,125960.0
2016-05-07,124419.0
2016-05-14,129315.0
2016-05-21,125025.0
2016-05-28,122448.0
2016-06-04,120711.0
2016-06-11,126093.0
2016-06-18,132730.0
2016-06-25,136373.0
2016-07-02,137347.0
2016-07-09,139465.0
2016-07-16,144904.0
2016-07-23,136389.0
2016-07-30,139476.0
2016-08-06,134072.0
2016-08-13,139325.0
2016-08-20,132089.0
2016-08-27,132376.0
2016-09-03,116039.0
2016-09-10,114107.0
2016-09-17,103008.0
2016-09-24,104497.0
2016-10-01,98539.0
2016-10-08,102358.0
2016-10-15,102939.0
2016-10-22,99889.0
2016-10-29,104084.0
2016-11-05,101500.0
2016-11-12,109825.0
2016-11-19,103190.0
2016-11-26,116821.0
2016-12-03,127109.0
2016-12-10,131120.0
2016-12-17,125243.0
2016-12-24,136356.0
2016-12-31,149695.0
2017-01-07,159262.0
2017-01-14,161464.0
2017-01-21,151161.0
2017-01-28,161382.0
2017-02-04,152885.0
2017-02-11,161980.0
2017-02-18,151746.0
2017-02-25,156754.0
2017-03-04,146717.0
2017-03-11,149891.0
2017-03-18,143038.0
2017-03-25,151682.0
2017-04-01,131474.0
2017-04-08,127052.0
2017-04-15,118296.0
2017-04-22,113223.0
2017-04-29,105974.0
2017-05-06,101996.0
2017-05-13,103345.0
2017-05-20,100612.0
2017-05-27,103229.0
2017-06-03,103526.0
2017-06-10,107564.0
2017-06-17,115193.0
2017-06-24,122756.0
2017-07-01,122365.0
2017-07-08,126819.0
2017-07-15,130889.0
2017-07-22,125373.0
2017-07-29,126271.0
2017-08-05,123065.0
2017-08-12,126388.0
2017-08-19,121641.0
2017-08-26,119292.0
2017-09-02,106751.0
2017-09-09,102457.0
2017-09-16,94712.0
2017-09-23,92847.0
2017-09-30,90482.0
2017-10-07,89585.0
2017-10-14,94169.0
2017-10-21,91729.0
2017-10-28,94627.0
2017-11-04,92210.0
2017-11-11,101791.0
2017-11-18,98895.0
2017-11-25,109825.0
2017-12-02,118856.0
2017-12-09,121354.0
2017-12-16,116992.0
2017-12-23,127834.0
2017-12-30,139385.0
2018-01-06,164548.0
2018-01-13,148245.0
2018-01-20,160288.0
2018-01-27,144440.0
2018-02-03,154960.0
2018-02-10,143668.0
2018-02-17,153068.0
2018-02-24,139443.0
2018-03-03,146414.0
2018-03-10,133142.0
2018-03-17,139172.0
2018-03-24,126915.0
2018-03-31,131585.0
2018-04-07,118715.0
2018-04-14,117961.0
2018-04-21,100755.0
2018-04-28,103893.0
2018-05-05,91068.0
2018-05-12,96052.0
2018-05-19,89648.0
2018-05-26,96675.0
2018-06-02,89842.0
2018-06-09,96200.0
2018-06-16,100613.0
2018-06-23,112015.0
2018-06-30,111079.0
2018-07-07,116336.0
2018-07-14,121549.0
2018-07-21,115323.0
2018-07-28,117661.0
2018-08-04,115738.0
2018-08-11,117464.0
2018-08-18,113167.0
2018-08-25,111111.0
2018-09-01,97137.0
2018-09-08,92719.0
2018-09-15,85752.0
2018-09-22,85997.0
2018-09-29,81508.0
2018-10-06,81478.0
2018-10-13,80458.0
2018-10-20,82936.0
2018-10-27,81033.0
2018-11-03,84112.0
2018-11-10,84808.0
2018-11-17,90011.0
2018-11-24,97711.0
2018-12-01,109555.0
2018-12-08,109240.0
2018-12-15,107863.0
2018-12-22,110745.0
2018-12-29,128047.0
2019-01-05,148930.0
2019-01-12,132031.0
2019-01-19,135772.0
2019-01-26,132674.0
2019-02-02,146591.0
2019-02-09,135051.0
2019-02-16,140874.0
2019-02-23,133270.0
2019-03-02,139286.0
2019-03-09,130101.0
2019-03-16,134753.0
2019-03-23,117152.0
2019-03-30,117131.0
2019-04-06,100824.0
2019-04-13,100301.0
2019-04-20,93484.0
2019-04-27,96270.0
2019-05-04,89126.0
2019-05-11,90932.0
2019-05-18,88098.0
2019-05-25,92256.0
2019-06-01,89151.0
2019-06-08,94129.0
2019-06-15,98828.0
2019-06-22,110978.0
2019-06-29,109431.0
2019-07-06,114361.0
2019-07-13,114481.0
2019-07-20,116054.0
2019-07-27,111362.0
2019-08-03,114251.0
2019-08-10,111802.0
2019-08-17,114115.0
2019-08-24,107793.0
2019-08-31,98936.0
2019-09-07,91951.0
2019-09-14,85657.0
2019-09-21,85055.0
2019-09-28,83132.0
2019-10-05,83549.0
2019-10-12,82898.0
2019-10-19,85820.0
2019-10-26,85605.0
2019-11-02,88366.0
2019-11-09,88124.0
2019-11-16,93846.0
2019-11-23,95980.0
2019-11-30,103764.0
2019-12-07,118237.0
2019-12-14,119212.0
2019-12-21,117263.0
2019-12-28,135411.0
2020-01-04,163882.0
2020-01-11,142326.0
2020-01-18,140027.0
2020-01-25,135951.0
2020-02-01,142004.0
2020-02-08,136149.0
2020-02-15,142306.0
2020-02-22,135095.0
2020-02-29,136931.0
2020-03-07,128842.0
2020-03-14,128029.0
2020-03-21,135708.0
2020-03-28,566464.0
2020-04-04,614196.0
2020-04-11,1074660.0
2020-04-18,915249.0
2020-04-25,1233299.0
2020-05-02,1049464.0
2020-05-09,1008886.0
2020-05-16,907252.0
2020-05-23,1019571.0
2020-05-30,846788.0
2020-06-06,913810.0
2020-06-13,748874.0
2020-06-20,809609.0
2020-06-27,651160.0
2020-07-04,815282.0
2020-07-11,670901.0
2020-07-18,753353.0
2020-07-25,633057.0
2020-08-01,673093.0
2020-08-08,593016.0
2020-08-15,629881.0
2020-08-22,561665.0
2020-08-29,582821.0
2020-09-05,542128.0
2020-09-12,541280.0
2020-09-19,482699.0
2020-09-26,447940.0
2020-10-03,399193.0
2020-10-10,363487.0
2020-10-17,334369.0
2020-10-24,310150.0
2020-10-31,368869.0
2020-11-07,283910.0
2020-11-14,305942.0
2020-11-21,264601.0
2020-11-28,318365.0
2020-12-05,313427.0
2020-12-12,332439.0
2020-12-19,300889.0
2020-12-26,371754.0
2021-01-02,358826.0
2021-01-09,348134.0
2021-01-16,320923.0
2021-01-23,341603.0
2021-01-30,318600.0
2021-02-06,324160.0
2021-02-13,316054.0
2021-02-20,308232.0
2021-02-27,302385.0
2021-03-06,287259.0
2021-03-13,273316.0
2021-03-20,249044.0
2021-03-27,228084.0
2021-04-03,224696.0
2021-04-10,210518.0
2021-04-17,218711.0
2021-04-24,214640.0
2021-05-01,212896.0
2021-05-08,209101.0
2021-05-15,205159.0
2021-05-22,205416.0
2021-05-29,206277.0
