Date,InitialClaimsPA
1986-02-15,24335.0
1986-02-22,23417.0
1986-03-01,23330.0
1986-03-08,23466.0
1986-03-15,21969.0
1986-03-22,22299.0
1986-03-29,22445.0
1986-04-05,20082.0
1986-04-12,26530.0
1986-04-19,22922.0
1986-04-26,23397.0
1986-05-03,21726.0
1986-05-10,20967.0
1986-05-17,20246.0
1986-05-24,20595.0
1986-05-31,19477.0
1986-06-07,23022.0
1986-06-14,22572.0
1986-06-21,21884.0
1986-06-28,20800.0
1986-07-05,31743.0
1986-07-12,26336.0
1986-07-19,24422.0
1986-07-26,22273.0
1986-08-02,21205.0
1986-08-09,21290.0
1986-08-16,20486.0
1986-08-23,18752.0
1986-08-30,18517.0
1986-09-06,19384.0
1986-09-13,21398.0
1986-09-20,19158.0
1986-09-27,18848.0
1986-10-04,19724.0
1986-10-11,23058.0
1986-10-18,19112.0
1986-10-25,19966.0
1986-11-01,19905.0
1986-11-08,23224.0
1986-11-15,22246.0
1986-11-22,24630.0
1986-11-29,22806.0
1986-12-06,30578.0
1986-12-13,27678.0
1986-12-20,24885.0
1986-12-27,33184.0
1987-01-03,37649.0
1987-01-10,49088.0
1987-01-17,41884.0
1987-01-24,24418.0
1987-01-31,30559.0
1987-02-07,28976.0
1987-02-14,21421.0
1987-02-21,20557.0
1987-02-28,19633.0
1987-03-07,19689.0
1987-03-14,17971.0
1987-03-21,17480.0
1987-03-28,16516.0
1987-04-04,18679.0
1987-04-11,24677.0
1987-04-18,20800.0
1987-04-25,16850.0
1987-05-02,19795.0
1987-05-09,18528.0
1987-05-16,16479.0
1987-05-23,16356.0
1987-05-30,15346.0
1987-06-06,18515.0
1987-06-13,18306.0
1987-06-20,18417.0
1987-06-27,16777.0
1987-07-04,23673.0
1987-07-11,22901.0
1987-07-18,20976.0
1987-07-25,17194.0
1987-08-01,16497.0
1987-08-08,16028.0
1987-08-15,14471.0
1987-08-22,13942.0
1987-08-29,14339.0
1987-09-05,14824.0
1987-09-12,12728.0
1987-09-19,14627.0
1987-09-26,13707.0
1987-10-03,14198.0
1987-10-10,17188.0
1987-10-17,14063.0
1987-10-24,14782.0
1987-10-31,16052.0
1987-11-07,16925.0
1987-11-14,17497.0
1987-11-21,21467.0
1987-11-28,19505.0
1987-12-05,25643.0
1987-12-12,23768.0
1987-12-19,20546.0
1987-12-26,30697.0
1988-01-02,33194.0
1988-01-09,38797.0
1988-01-16,37561.0
1988-01-23,23728.0
1988-01-30,24309.0
1988-02-06,24043.0
1988-02-13,21887.0
1988-02-20,16850.0
1988-02-27,17747.0
1988-03-05,17447.0
1988-03-12,17410.0
1988-03-19,15966.0
1988-03-26,15583.0
1988-04-02,15715.0
1988-04-09,20301.0
1988-04-16,17469.0
1988-04-23,15605.0
1988-04-30,14245.0
1988-05-07,15234.0
1988-05-14,14842.0
1988-05-21,15770.0
1988-05-28,17151.0
1988-06-04,14859.0
1988-06-11,17455.0
1988-06-18,15417.0
1988-06-25,15151.0
1988-07-02,15374.0
1988-07-09,20936.0
1988-07-16,22218.0
1988-07-23,17150.0
1988-07-30,15883.0
1988-08-06,15404.0
1988-08-13,13753.0
1988-08-20,13597.0
1988-08-27,12740.0
1988-09-03,12594.0
1988-09-10,12002.0
1988-09-17,12907.0
1988-09-24,12108.0
1988-10-01,12439.0
1988-10-08,15745.0
1988-10-15,13221.0
1988-10-22,14251.0
1988-10-29,14486.0
1988-11-05,17587.0
1988-11-12,18088.0
1988-11-19,14917.0
1988-11-26,17401.0
1988-12-03,23265.0
1988-12-10,23133.0
1988-12-17,21582.0
1988-12-24,25844.0
1988-12-31,42736.0
1989-01-07,35045.0
1989-01-14,33224.0
1989-01-21,20831.0
1989-01-28,20759.0
1989-02-04,20080.0
1989-02-11,20107.0
1989-02-18,18902.0
1989-02-25,16941.0
1989-03-04,17295.0
1989-03-11,18310.0
1989-03-18,16703.0
1989-03-25,15482.0
1989-04-01,16344.0
1989-04-08,21451.0
1989-04-15,15936.0
1989-04-22,14179.0
1989-04-29,15087.0
1989-05-06,17812.0
1989-05-13,19535.0
1989-05-20,19000.0
1989-05-27,16373.0
1989-06-03,14955.0
1989-06-10,18698.0
1989-06-17,20519.0
1989-06-24,18734.0
1989-07-01,18537.0
1989-07-08,25738.0
1989-07-15,23527.0
1989-07-22,18560.0
1989-07-29,17291.0
1989-08-05,17938.0
1989-08-12,15446.0
1989-08-19,15061.0
1989-08-26,14685.0
1989-09-02,15669.0
1989-09-09,14656.0
1989-09-16,15313.0
1989-09-23,15581.0
1989-09-30,16170.0
1989-10-07,19808.0
1989-10-14,15518.0
1989-10-21,20965.0
1989-10-28,20215.0
1989-11-04,20818.0
1989-11-11,17936.0
1989-11-18,22376.0
1989-11-25,24470.0
1989-12-02,27423.0
1989-12-09,26395.0
1989-12-16,25771.0
1989-12-23,33575.0
1989-12-30,42161.0
1990-01-06,32581.0
1990-01-13,39416.0
1990-01-20,25197.0
1990-01-27,23671.0
1990-02-03,23586.0
1990-02-10,23005.0
1990-02-17,20644.0
1990-02-24,19495.0
1990-03-03,21361.0
1990-03-10,21422.0
1990-03-17,19130.0
1990-03-24,18354.0
1990-03-31,18160.0
1990-04-07,24482.0
1990-04-14,21073.0
1990-04-21,18675.0
1990-04-28,17485.0
1990-05-05,18945.0
1990-05-12,17780.0
1990-05-19,18014.0
1990-05-26,18552.0
1990-06-02,17829.0
1990-06-09,21532.0
1990-06-16,20220.0
1990-06-23,19693.0
1990-06-30,18561.0
1990-07-07,28385.0
1990-07-14,26150.0
1990-07-21,20777.0
1990-07-28,18733.0
1990-08-04,18981.0
1990-08-11,18553.0
1990-08-18,16754.0
1990-08-25,19571.0
1990-09-01,19886.0
1990-09-08,19344.0
1990-09-15,18164.0
1990-09-22,17621.0
1990-09-29,17718.0
1990-10-06,20902.0
1990-10-13,22173.0
1990-10-20,21069.0
1990-10-27,22426.0
1990-11-03,23847.0
1990-11-10,25131.0
1990-11-17,23981.0
1990-11-24,27863.0
1990-12-01,30951.0
1990-12-08,32032.0
1990-12-15,27771.0
1990-12-22,35120.0
1990-12-29,41790.0
1991-01-05,40959.0
1991-01-12,48439.0
1991-01-19,39715.0
1991-01-26,30219.0
1991-02-02,31362.0
1991-02-09,31731.0
1991-02-16,27605.0
1991-02-23,24729.0
1991-03-02,26400.0
1991-03-09,27329.0
1991-03-16,24142.0
1991-03-23,23858.0
1991-03-30,25401.0
1991-04-06,25995.0
1991-04-13,26949.0
1991-04-20,23248.0
1991-04-27,24521.0
1991-05-04,24511.0
1991-05-11,23064.0
1991-05-18,20588.0
1991-05-25,21352.0
1991-06-01,20345.0
1991-06-08,24401.0
1991-06-15,24523.0
1991-06-22,23231.0
1991-06-29,21920.0
1991-07-06,28388.0
1991-07-13,32090.0
1991-07-20,23277.0
1991-07-27,20733.0
1991-08-03,21495.0
1991-08-10,20010.0
1991-08-17,18495.0
1991-08-24,19352.0
1991-08-31,19481.0
1991-09-07,19151.0
1991-09-14,20719.0
1991-09-21,18963.0
1991-09-28,20105.0
1991-10-05,21677.0
1991-10-12,24273.0
1991-10-19,20890.0
1991-10-26,22307.0
1991-11-02,22354.0
1991-11-09,26892.0
1991-11-16,25461.0
1991-11-23,27445.0
1991-11-30,24746.0
1991-12-07,40764.0
1991-12-14,34390.0
1991-12-21,29960.0
1991-12-28,47123.0
1992-01-04,40734.0
1992-01-11,53504.0
1992-01-18,40321.0
1992-01-25,30887.0
1992-02-01,30658.0
1992-02-08,27945.0
1992-02-15,25300.0
1992-02-22,24590.0
1992-02-29,23377.0
1992-03-07,23868.0
1992-03-14,23778.0
1992-03-21,23493.0
1992-03-28,21698.0
1992-04-04,19007.0
1992-04-11,30934.0
1992-04-18,21902.0
1992-04-25,23366.0
1992-05-02,22411.0
1992-05-09,22223.0
1992-05-16,20515.0
1992-05-23,21454.0
1992-05-30,19853.0
1992-06-06,23018.0
1992-06-13,23931.0
1992-06-20,23225.0
1992-06-27,20273.0
1992-07-04,21339.0
1992-07-11,32581.0
1992-07-18,24399.0
1992-07-25,20796.0
1992-08-01,19602.0
1992-08-08,20483.0
1992-08-15,18334.0
1992-08-22,18665.0
1992-08-29,17515.0
1992-09-05,18549.0
1992-09-12,16649.0
1992-09-19,17719.0
1992-09-26,17335.0
1992-10-03,18338.0
1992-10-10,21777.0
1992-10-17,17141.0
1992-10-24,18891.0
1992-10-31,19234.0
1992-11-07,23534.0
1992-11-14,21736.0
1992-11-21,21960.0
1992-11-28,18245.0
1992-12-05,31137.0
1992-12-12,24164.0
1992-12-19,26635.0
1992-12-26,26118.0
1993-01-02,36525.0
1993-01-09,45468.0
1993-01-16,31423.0
1993-01-23,23115.0
1993-01-30,21736.0
1993-02-06,21745.0
1993-02-13,19284.0
1993-02-20,19061.0
1993-02-27,21156.0
1993-03-06,20667.0
1993-03-13,18930.0
1993-03-20,20777.0
1993-03-27,22779.0
1993-04-03,20384.0
1993-04-10,23702.0
1993-04-17,19037.0
1993-04-24,16881.0
1993-05-01,16207.0
1993-05-08,16532.0
1993-05-15,16394.0
1993-05-22,17054.0
1993-05-29,17251.0
1993-06-05,17145.0
1993-06-12,18425.0
1993-06-19,18914.0
1993-06-26,18442.0
1993-07-03,20029.0
1993-07-10,21435.0
1993-07-17,19732.0
1993-07-24,16165.0
1993-07-31,15247.0
1993-08-07,16090.0
1993-08-14,14768.0
1993-08-21,15279.0
1993-08-28,14829.0
1993-09-04,15192.0
1993-09-11,13421.0
1993-09-18,15205.0
1993-09-25,15020.0
1993-10-02,17447.0
1993-10-09,20535.0
1993-10-16,15584.0
1993-10-23,17314.0
1993-10-30,17200.0
1993-11-06,21911.0
1993-11-13,17904.0
1993-11-20,21126.0
1993-11-27,16307.0
1993-12-04,27414.0
1993-12-11,24425.0
1993-12-18,22934.0
1993-12-25,25067.0
1994-01-01,36491.0
1994-01-08,40041.0
1994-01-15,40835.0
1994-01-22,26125.0
1994-01-29,36570.0
1994-02-05,31412.0
1994-02-12,20952.0
1994-02-19,25454.0
1994-02-26,19635.0
1994-03-05,21502.0
1994-03-12,24341.0
1994-03-19,19631.0
1994-03-26,17849.0
1994-04-02,17778.0
1994-04-09,24384.0
1994-04-16,21008.0
1994-04-23,19606.0
1994-04-30,17254.0
1994-05-07,21781.0
1994-05-14,17400.0
1994-05-21,17746.0
1994-05-28,17243.0
1994-06-04,16563.0
1994-06-11,17576.0
1994-06-18,18584.0
1994-06-25,19886.0
1994-07-02,20250.0
1994-07-09,24923.0
1994-07-16,20814.0
1994-07-23,17008.0
1994-07-30,16246.0
1994-08-06,17322.0
1994-08-13,15457.0
1994-08-20,15215.0
1994-08-27,14732.0
1994-09-03,15888.0
1994-09-10,14093.0
1994-09-17,14667.0
1994-09-24,14567.0
1994-10-01,14840.0
1994-10-08,20068.0
1994-10-15,15005.0
1994-10-22,16820.0
1994-10-29,16565.0
1994-11-05,19466.0
1994-11-12,16102.0
1994-11-19,21139.0
1994-11-26,17530.0
1994-12-03,29827.0
1994-12-10,25705.0
1994-12-17,23653.0
1994-12-24,25604.0
1994-12-31,37137.0
1995-01-07,43522.0
1995-01-14,36658.0
1995-01-21,25167.0
1995-01-28,25650.0
1995-02-04,23618.0
1995-02-11,27702.0
1995-02-18,22444.0
1995-02-25,18512.0
1995-03-04,21104.0
1995-03-11,20483.0
1995-03-18,18995.0
1995-03-25,18108.0
1995-04-01,17496.0
1995-04-08,25604.0
1995-04-15,20702.0
1995-04-22,19716.0
1995-04-29,18326.0
1995-05-06,21573.0
1995-05-13,19069.0
1995-05-20,20301.0
1995-05-27,20013.0
1995-06-03,18366.0
1995-06-10,21873.0
1995-06-17,23827.0
1995-06-24,20419.0
1995-07-01,20166.0
1995-07-08,27312.0
1995-07-15,25527.0
1995-07-22,20210.0
1995-07-29,17950.0
1995-08-05,18950.0
1995-08-12,17281.0
1995-08-19,15796.0
1995-08-26,16440.0
1995-09-02,17212.0
1995-09-09,16621.0
1995-09-16,17269.0
1995-09-23,16031.0
1995-09-30,16068.0
1995-10-07,23638.0
1995-10-14,18103.0
1995-10-21,19427.0
1995-10-28,19029.0
1995-11-04,22621.0
1995-11-11,19824.0
1995-11-18,32160.0
1995-11-25,22236.0
1995-12-02,33519.0
1995-12-09,26989.0
1995-12-16,28920.0
1995-12-23,33583.0
1995-12-30,41214.0
1996-01-06,36082.0
1996-01-13,40989.0
1996-01-20,49281.0
1996-01-27,43233.0
1996-02-03,29018.0
1996-02-10,27879.0
1996-02-17,21910.0
1996-02-24,20491.0
1996-03-02,21647.0
1996-03-09,21714.0
1996-03-16,22448.0
1996-03-23,21457.0
1996-03-30,19136.0
1996-04-06,21040.0
1996-04-13,23269.0
1996-04-20,19378.0
1996-04-27,17457.0
1996-05-04,19334.0
1996-05-11,20514.0
1996-05-18,17910.0
1996-05-25,18120.0
1996-06-01,17607.0
1996-06-08,21941.0
1996-06-15,20649.0
1996-06-22,20365.0
1996-06-29,19168.0
1996-07-06,21684.0
1996-07-13,24727.0
1996-07-20,20587.0
1996-07-27,17520.0
1996-08-03,17032.0
1996-08-10,16465.0
1996-08-17,15492.0
1996-08-24,14938.0
1996-08-31,14244.0
1996-09-07,15014.0
1996-09-14,15855.0
1996-09-21,15129.0
1996-09-28,14612.0
1996-10-05,16863.0
1996-10-12,19741.0
1996-10-19,15149.0
1996-10-26,17900.0
1996-11-02,17414.0
1996-11-09,19430.0
1996-11-16,20026.0
1996-11-23,21993.0
1996-11-30,18171.0
1996-12-07,31145.0
1996-12-14,26075.0
1996-12-21,26877.0
1996-12-28,37302.0
1997-01-04,32898.0
1997-01-11,41330.0
1997-01-18,33946.0
1997-01-25,25096.0
1997-02-01,24220.0
1997-02-08,21241.0
1997-02-15,20733.0
1997-02-22,18524.0
1997-03-01,18354.0
1997-03-08,20759.0
1997-03-15,18484.0
1997-03-22,16516.0
1997-03-29,16534.0
1997-04-05,19856.0
1997-04-12,21858.0
1997-04-19,17825.0
1997-04-26,17219.0
1997-05-03,16571.0
1997-05-10,18153.0
1997-05-17,16287.0
1997-05-24,16239.0
1997-05-31,15037.0
1997-06-07,20689.0
1997-06-14,21869.0
1997-06-21,20241.0
1997-06-28,16458.0
1997-07-05,19435.0
1997-07-12,22659.0
1997-07-19,17072.0
1997-07-26,16163.0
1997-08-02,15036.0
1997-08-09,16584.0
1997-08-16,17514.0
1997-08-23,16098.0
1997-08-30,16866.0
1997-09-06,14273.0
1997-09-13,15360.0
1997-09-20,14282.0
1997-09-27,13857.0
1997-10-04,15574.0
1997-10-11,17860.0
1997-10-18,15045.0
1997-10-25,16858.0
1997-11-01,18318.0
1997-11-08,19951.0
1997-11-15,19419.0
1997-11-22,22829.0
1997-11-29,19124.0
1997-12-06,30850.0
1997-12-13,24674.0
1997-12-20,23234.0
1997-12-27,34226.0
1998-01-03,38693.0
1998-01-10,52488.0
1998-01-17,37425.0
1998-01-24,25708.0
1998-01-31,25147.0
1998-02-07,24439.0
1998-02-14,21685.0
1998-02-21,20229.0
1998-02-28,21022.0
1998-03-07,22866.0
1998-03-14,21676.0
1998-03-21,21140.0
1998-03-28,17724.0
1998-04-04,17706.0
1998-04-11,22584.0
1998-04-18,19882.0
1998-04-25,17503.0
1998-05-02,17393.0
1998-05-09,18958.0
1998-05-16,18720.0
1998-05-23,17019.0
1998-05-30,15897.0
1998-06-06,20073.0
1998-06-13,23320.0
1998-06-20,23242.0
1998-06-27,20567.0
1998-07-04,19967.0
1998-07-11,27533.0
1998-07-18,18703.0
1998-07-25,16335.0
1998-08-01,16290.0
1998-08-08,17142.0
1998-08-15,15240.0
1998-08-22,15264.0
1998-08-29,14441.0
1998-09-05,16044.0
1998-09-12,14317.0
1998-09-19,14008.0
1998-09-26,14078.0
1998-10-03,16495.0
1998-10-10,19121.0
1998-10-17,15429.0
1998-10-24,16917.0
1998-10-31,17242.0
1998-11-07,20428.0
1998-11-14,18417.0
1998-11-21,21337.0
1998-11-28,18547.0
1998-12-05,31134.0
1998-12-12,23880.0
1998-12-19,22416.0
1998-12-26,32471.0
1999-01-02,40242.0
1999-01-09,51756.0
1999-01-16,35612.0
1999-01-23,31859.0
1999-01-30,25213.0
1999-02-06,23374.0
1999-02-13,20515.0
1999-02-20,18924.0
1999-02-27,20073.0
1999-03-06,21037.0
1999-03-13,20122.0
1999-03-20,18764.0
1999-03-27,18109.0
1999-04-03,17300.0
1999-04-10,22983.0
1999-04-17,18376.0
1999-04-24,16670.0
1999-05-01,15897.0
1999-05-08,18023.0
1999-05-15,16162.0
1999-05-22,15289.0
1999-05-29,15311.0
1999-06-05,16395.0
1999-06-12,19955.0
1999-06-19,21298.0
1999-06-26,17454.0
1999-07-03,18879.0
1999-07-10,20263.0
1999-07-17,17347.0
1999-07-24,15486.0
1999-07-31,15227.0
1999-08-07,15623.0
1999-08-14,14747.0
1999-08-21,13831.0
1999-08-28,13594.0
1999-09-04,14666.0
1999-09-11,12994.0
1999-09-18,13386.0
1999-09-25,13644.0
1999-10-02,13881.0
1999-10-09,16592.0
1999-10-16,13500.0
1999-10-23,14755.0
1999-10-30,13644.0
1999-11-06,16710.0
1999-11-13,15166.0
1999-11-20,18329.0
1999-11-27,17557.0
1999-12-04,27468.0
1999-12-11,20631.0
1999-12-18,21789.0
1999-12-25,24413.0
2000-01-01,37196.0
2000-01-08,35706.0
2000-01-15,34029.0
2000-01-22,24666.0
2000-01-29,25560.0
2000-02-05,25093.0
2000-02-12,20224.0
2000-02-19,17297.0
2000-02-26,15476.0
2000-03-04,16594.0
2000-03-11,15340.0
2000-03-18,14379.0
2000-03-25,14202.0
2000-04-01,14193.0
2000-04-08,16808.0
2000-04-15,14048.0
2000-04-22,16393.0
2000-04-29,16199.0
2000-05-06,15814.0
2000-05-13,14844.0
2000-05-20,14512.0
2000-05-27,14988.0
2000-06-03,14693.0
2000-06-10,19802.0
2000-06-17,19769.0
2000-06-24,17412.0
2000-07-01,15973.0
2000-07-08,20431.0
2000-07-15,18588.0
2000-07-22,15310.0
2000-07-29,13637.0
2000-08-05,14699.0
2000-08-12,14813.0
2000-08-19,13934.0
2000-08-26,13775.0
2000-09-02,13646.0
2000-09-09,12365.0
2000-09-16,12800.0
2000-09-23,12170.0
2000-09-30,12785.0
2000-10-07,17269.0
2000-10-14,14171.0
2000-10-21,15010.0
2000-10-28,14523.0
2000-11-04,17870.0
2000-11-11,14960.0
2000-11-18,20347.0
2000-11-25,19086.0
2000-12-02,29323.0
2000-12-09,25096.0
2000-12-16,21922.0
2000-12-23,28252.0
2000-12-30,38235.0
2001-01-06,36474.0
2001-01-13,41641.0
2001-01-20,25704.0
2001-01-27,26861.0
2001-02-03,24890.0
2001-02-10,23515.0
2001-02-17,21348.0
2001-02-24,20724.0
2001-03-03,20198.0
2001-03-10,25294.0
2001-03-17,23241.0
2001-03-24,20313.0
2001-03-31,19045.0
2001-04-07,23938.0
2001-04-14,20825.0
2001-04-21,23186.0
2001-04-28,20197.0
2001-05-05,21024.0
2001-05-12,20377.0
2001-05-19,19666.0
2001-05-26,20613.0
2001-06-02,21447.0
2001-06-09,25271.0
2001-06-16,24908.0
2001-06-23,25119.0
2001-06-30,20645.0
2001-07-07,30051.0
2001-07-14,25591.0
2001-07-21,19257.0
2001-07-28,18226.0
2001-08-04,19236.0
2001-08-11,19197.0
2001-08-18,18134.0
2001-08-25,17465.0
2001-09-01,18469.0
2001-09-08,19462.0
2001-09-15,17655.0
2001-09-22,18395.0
2001-09-29,21505.0
2001-10-06,24676.0
2001-10-13,23485.0
2001-10-20,22195.0
2001-10-27,22247.0
2001-11-03,25873.0
2001-11-10,25237.0
2001-11-17,22795.0
2001-11-24,24884.0
2001-12-01,41465.0
2001-12-08,29534.0
2001-12-15,25490.0
2001-12-22,31341.0
2001-12-29,51261.0
2002-01-05,43991.0
2002-01-12,45697.0
2002-01-19,28813.0
2002-01-26,27011.0
2002-02-02,25481.0
2002-02-09,25694.0
2002-02-16,22300.0
2002-02-23,23166.0
2002-03-02,21835.0
2002-03-09,22760.0
2002-03-16,19931.0
2002-03-23,22802.0
2002-03-30,23384.0
2002-04-06,25547.0
2002-04-13,22197.0
2002-04-20,18333.0
2002-04-27,17952.0
2002-05-04,21444.0
2002-05-11,18714.0
2002-05-18,20702.0
2002-05-25,18946.0
2002-06-01,17941.0
2002-06-08,23671.0
2002-06-15,24323.0
2002-06-22,20456.0
2002-06-29,19577.0
2002-07-06,24244.0
2002-07-13,25374.0
2002-07-20,18997.0
2002-07-27,15890.0
2002-08-03,18312.0
2002-08-10,18443.0
2002-08-17,16756.0
2002-08-24,17412.0
2002-08-31,18074.0
2002-09-07,20056.0
2002-09-14,17390.0
2002-09-21,16721.0
2002-09-28,16554.0
2002-10-05,20369.0
2002-10-12,21250.0
2002-10-19,21660.0
2002-10-26,21838.0
2002-11-02,23402.0
2002-11-09,24450.0
2002-11-16,23461.0
2002-11-23,25462.0
2002-11-30,23739.0
2002-12-07,41280.0
2002-12-14,32457.0
2002-12-21,27314.0
2002-12-28,49024.0
2003-01-04,39928.0
2003-01-11,46118.0
2003-01-18,31067.0
2003-01-25,28458.0
2003-02-01,26381.0
2003-02-08,26431.0
2003-02-15,24107.0
2003-02-22,29998.0
2003-03-01,27399.0
2003-03-08,26594.0
2003-03-15,22648.0
2003-03-22,21945.0
2003-03-29,20002.0
2003-04-05,21719.0
2003-04-12,27771.0
2003-04-19,23987.0
2003-04-26,22523.0
2003-05-03,21290.0
2003-05-10,20146.0
2003-05-17,20179.0
2003-05-24,19576.0
2003-05-31,18975.0
2003-06-07,24024.0
2003-06-14,25921.0
2003-06-21,25784.0
2003-06-28,21728.0
2003-07-05,25708.0
2003-07-12,27738.0
2003-07-19,19411.0
2003-07-26,17796.0
2003-08-02,18867.0
2003-08-09,18880.0
2003-08-16,17191.0
2003-08-23,17064.0
2003-08-30,17505.0
2003-09-06,21031.0
2003-09-13,18177.0
2003-09-20,16526.0
2003-09-27,16605.0
2003-10-04,18816.0
2003-10-11,20563.0
2003-10-18,17290.0
2003-10-25,18406.0
2003-11-01,20270.0
2003-11-08,21977.0
2003-11-15,20804.0
2003-11-22,22725.0
2003-11-29,23182.0
2003-12-06,42674.0
2003-12-13,28597.0
2003-12-20,27689.0
2003-12-27,40868.0
2004-01-03,35773.0
2004-01-10,45181.0
2004-01-17,30502.0
2004-01-24,26104.0
2004-01-31,28906.0
2004-02-07,28812.0
2004-02-14,21881.0
2004-02-21,19624.0
2004-02-28,19044.0
2004-03-06,20801.0
2004-03-13,19237.0
2004-03-20,19667.0
2004-03-27,17934.0
2004-04-03,19718.0
2004-04-10,23774.0
2004-04-17,20197.0
2004-04-24,17698.0
2004-05-01,16953.0
2004-05-08,18366.0
2004-05-15,16825.0
2004-05-22,17416.0
2004-05-29,17825.0
2004-06-05,19291.0
2004-06-12,23521.0
2004-06-19,22665.0
2004-06-26,19241.0
2004-07-03,20283.0
2004-07-10,23938.0
2004-07-17,18769.0
2004-07-24,16669.0
2004-07-31,15789.0
2004-08-07,18393.0
2004-08-14,16032.0
2004-08-21,16011.0
2004-08-28,15555.0
2004-09-04,16845.0
2004-09-11,16518.0
2004-09-18,16004.0
2004-09-25,16094.0
2004-10-02,16161.0
2004-10-09,20762.0
2004-10-16,16935.0
2004-10-23,18506.0
2004-10-30,16801.0
2004-11-06,20468.0
2004-11-13,19534.0
2004-11-20,21451.0
2004-11-27,23262.0
2004-12-04,35272.0
2004-12-11,25067.0
2004-12-18,22371.0
2004-12-25,31002.0
2005-01-01,40323.0
2005-01-08,49479.0
2005-01-15,28968.0
2005-01-22,25997.0
2005-01-29,25474.0
2005-02-05,23965.0
2005-02-12,18955.0
2005-02-19,19687.0
2005-02-26,19194.0
2005-03-05,24678.0
2005-03-12,21264.0
2005-03-19,19827.0
2005-03-26,19445.0
2005-04-02,19860.0
2005-04-09,22826.0
2005-04-16,17485.0
2005-04-23,16620.0
2005-04-30,16672.0
2005-05-07,18179.0
2005-05-14,16284.0
2005-05-21,16131.0
2005-05-28,17146.0
2005-06-04,18828.0
2005-06-11,23310.0
2005-06-18,23512.0
2005-06-25,19447.0
2005-07-02,19691.0
2005-07-09,23983.0
2005-07-16,19332.0
2005-07-23,16252.0
2005-07-30,15914.0
2005-08-06,17688.0
2005-08-13,15491.0
2005-08-20,15541.0
2005-08-27,15374.0
2005-09-03,17650.0
2005-09-10,15362.0
2005-09-17,14894.0
2005-09-24,13694.0
2005-10-01,14308.0
2005-10-08,19202.0
2005-10-15,17555.0
2005-10-22,17058.0
2005-10-29,20198.0
2005-11-05,19736.0
2005-11-12,16443.0
2005-11-19,22284.0
2005-11-26,23351.0
2005-12-03,34266.0
2005-12-10,27145.0
2005-12-17,27071.0
2005-12-24,31912.0
2005-12-31,39726.0
2006-01-07,41134.0
2006-01-14,30727.0
2006-01-21,23478.0
2006-01-28,23330.0
2006-02-04,23716.0
2006-02-11,21866.0
2006-02-18,22250.0
2006-02-25,19963.0
2006-03-04,22085.0
2006-03-11,20718.0
2006-03-18,19905.0
2006-03-25,18496.0
2006-04-01,17566.0
2006-04-08,21891.0
2006-04-15,20761.0
2006-04-22,19507.0
2006-04-29,17999.0
2006-05-06,18041.0
2006-05-13,17301.0
2006-05-20,22016.0
2006-05-27,18936.0
2006-06-03,18673.0
2006-06-10,24098.0
2006-06-17,24187.0
2006-06-24,21117.0
2006-07-01,23085.0
2006-07-08,28346.0
2006-07-15,22019.0
2006-07-22,16522.0
2006-07-29,15973.0
2006-08-05,17936.0
2006-08-12,16056.0
2006-08-19,15339.0
2006-08-26,16054.0
2006-09-02,17601.0
2006-09-09,16285.0
2006-09-16,16041.0
2006-09-23,14717.0
2006-09-30,15548.0
2006-10-07,19886.0
2006-10-14,15799.0
2006-10-21,18620.0
2006-10-28,18708.0
2006-11-04,20717.0
2006-11-11,17072.0
2006-11-18,25997.0
2006-11-25,23467.0
2006-12-02,36249.0
2006-12-09,26196.0
2006-12-16,22132.0
2006-12-23,28941.0
2006-12-30,46369.0
2007-01-06,34664.0
2007-01-13,39106.0
2007-01-20,26906.0
2007-01-27,26951.0
2007-02-03,24797.0
2007-02-10,32454.0
2007-02-17,27711.0
2007-02-24,24921.0
2007-03-03,22162.0
2007-03-10,23165.0
2007-03-17,21217.0
2007-03-24,19862.0
2007-03-31,18875.0
2007-04-07,26709.0
2007-04-14,21559.0
2007-04-21,21268.0
2007-04-28,19582.0
2007-05-05,19322.0
2007-05-12,17110.0
2007-05-19,17789.0
2007-05-26,17710.0
2007-06-02,17113.0
2007-06-09,22333.0
2007-06-16,26550.0
2007-06-23,22295.0
2007-06-30,19281.0
2007-07-07,26002.0
2007-07-14,27292.0
2007-07-21,17521.0
2007-07-28,16429.0
2007-08-04,17505.0
2007-08-11,16890.0
2007-08-18,16375.0
2007-08-25,18392.0
2007-09-01,17188.0
2007-09-08,16300.0
2007-09-15,16181.0
2007-09-22,15183.0
2007-09-29,15865.0
2007-10-06,17857.0
2007-10-13,19062.0
2007-10-20,18830.0
2007-10-27,22355.0
2007-11-03,21730.0
2007-11-10,22777.0
2007-11-17,21251.0
2007-11-24,25662.0
2007-12-01,36942.0
2007-12-08,30549.0
2007-12-15,26343.0
2007-12-22,30607.0
2007-12-29,45239.0
2008-01-05,38266.0
2008-01-12,39245.0
2008-01-19,27285.0
2008-01-26,25913.0
2008-02-02,28300.0
2008-02-09,26692.0
2008-02-16,24553.0
2008-02-23,23435.0
2008-03-01,23164.0
2008-03-08,22918.0
2008-03-15,22382.0
2008-03-22,25286.0
2008-03-29,22773.0
2008-04-05,23000.0
2008-04-12,22841.0
2008-04-19,20197.0
2008-04-26,18600.0
2008-05-03,21316.0
2008-05-10,20167.0
2008-05-17,21862.0
2008-05-24,20742.0
2008-05-31,18642.0
2008-06-07,24404.0
2008-06-14,28688.0
2008-06-21,25233.0
2008-06-28,22723.0
2008-07-05,23502.0
2008-07-12,26081.0
2008-07-19,21385.0
2008-07-26,20309.0
2008-08-02,21173.0
2008-08-09,19872.0
2008-08-16,20184.0
2008-08-23,18552.0
2008-08-30,20568.0
2008-09-06,20524.0
2008-09-13,20592.0
2008-09-20,19725.0
2008-09-27,19909.0
2008-10-04,22643.0
2008-10-11,23932.0
2008-10-18,21605.0
2008-10-25,27184.0
2008-11-01,29339.0
2008-11-08,32257.0
2008-11-15,29627.0
2008-11-22,34211.0
2008-11-29,32982.0
2008-12-06,53072.0
2008-12-13,40634.0
2008-12-20,40622.0
2008-12-27,47286.0
2009-01-03,45821.0
2009-01-10,59669.0
2009-01-17,49592.0
2009-01-24,41838.0
2009-01-31,42406.0
2009-02-07,43920.0
2009-02-14,37373.0
2009-02-21,36453.0
2009-02-28,37662.0
2009-03-07,42364.0
2009-03-14,38607.0
2009-03-21,37375.0
2009-03-28,34073.0
2009-04-04,36267.0
2009-04-11,43805.0
2009-04-18,36006.0
2009-04-25,34332.0
2009-05-02,33657.0
2009-05-09,36101.0
2009-05-16,34048.0
2009-05-23,33678.0
2009-05-30,33211.0
2009-06-06,40072.0
2009-06-13,43263.0
2009-06-20,40226.0
2009-06-27,36277.0
2009-07-04,36254.0
2009-07-11,40669.0
2009-07-18,34249.0
2009-07-25,30731.0
2009-08-01,29600.0
2009-08-08,29962.0
2009-08-15,31155.0
2009-08-22,29867.0
2009-08-29,28677.0
2009-09-05,31250.0
2009-09-12,27289.0
2009-09-19,27152.0
2009-09-26,26870.0
2009-10-03,30488.0
2009-10-10,31741.0
2009-10-17,27708.0
2009-10-24,29759.0
2009-10-31,29767.0
2009-11-07,33319.0
2009-11-14,28852.0
2009-11-21,34137.0
2009-11-28,33344.0
2009-12-05,50716.0
2009-12-12,36414.0
2009-12-19,33539.0
2009-12-26,43192.0
2010-01-02,48619.0
2010-01-09,61181.0
2010-01-16,35362.0
2010-01-23,30547.0
2010-01-30,41042.0
2010-02-06,31551.0
2010-02-13,34364.0
2010-02-20,35237.0
2010-02-27,30465.0
2010-03-06,30213.0
2010-03-13,27216.0
2010-03-20,23539.0
2010-03-27,23041.0
2010-04-03,28355.0
2010-04-10,28611.0
2010-04-17,24099.0
2010-04-24,22752.0
2010-05-01,23525.0
2010-05-08,24080.0
2010-05-15,24739.0
2010-05-22,23142.0
2010-05-29,22612.0
2010-06-05,22007.0
2010-06-12,27273.0
2010-06-19,30733.0
2010-06-26,27892.0
2010-07-03,26845.0
2010-07-10,28240.0
2010-07-17,24850.0
2010-07-24,20691.0
2010-07-31,22227.0
2010-08-07,23853.0
2010-08-14,21779.0
2010-08-21,20979.0
2010-08-28,21193.0
2010-09-04,22635.0
2010-09-11,19460.0
2010-09-18,20583.0
2010-09-25,19595.0
2010-10-02,22464.0
2010-10-09,28146.0
2010-10-16,22898.0
2010-10-23,25154.0
2010-10-30,24257.0
2010-11-06,27262.0
2010-11-13,22768.0
2010-11-20,26892.0
2010-11-27,25676.0
2010-12-04,40850.0
2010-12-11,32535.0
2010-12-18,30961.0
2010-12-25,32419.0
2011-01-01,41423.0
2011-01-08,51412.0
2011-01-15,36553.0
2011-01-22,28656.0
2011-01-29,31975.0
2011-02-05,32450.0
2011-02-12,27276.0
2011-02-19,23434.0
2011-02-26,22265.0
2011-03-05,26172.0
2011-03-12,24265.0
2011-03-19,22120.0
2011-03-26,21901.0
2011-04-02,23507.0
2011-04-09,26925.0
2011-04-16,22000.0
2011-04-23,24306.0
2011-04-30,22976.0
2011-05-07,23236.0
2011-05-14,22165.0
2011-05-21,23124.0
2011-05-28,23371.0
2011-06-04,22206.0
2011-06-11,28225.0
2011-06-18,29878.0
2011-06-25,24904.0
2011-07-02,25059.0
2011-07-09,26887.0
2011-07-16,23540.0
2011-07-23,22058.0
2011-07-30,20383.0
2011-08-06,21008.0
2011-08-13,20468.0
2011-08-20,22372.0
2011-08-27,20001.0
2011-09-03,20872.0
2011-09-10,24534.0
2011-09-17,27017.0
2011-09-24,20704.0
2011-10-01,19738.0
2011-10-08,23378.0
2011-10-15,20120.0
2011-10-22,21699.0
2011-10-29,21845.0
2011-11-05,24106.0
2011-11-12,20112.0
2011-11-19,26708.0
2011-11-26,25920.0
2011-12-03,39554.0
2011-12-10,29742.0
2011-12-17,26075.0
2011-12-24,32839.0
2011-12-31,40974.0
2012-01-07,47415.0
2012-01-14,35728.0
2012-01-21,27247.0
2012-01-28,27777.0
2012-02-04,27208.0
2012-02-11,23419.0
2012-02-18,23190.0
2012-02-25,20952.0
2012-03-03,23811.0
2012-03-10,22682.0
2012-03-17,21076.0
2012-03-24,19120.0
2012-03-31,20971.0
2012-04-07,28454.0
2012-04-14,23092.0
2012-04-21,20012.0
2012-04-28,21133.0
2012-05-05,22807.0
2012-05-12,22274.0
2012-05-19,21680.0
2012-05-26,21389.0
2012-06-02,21105.0
2012-06-09,28141.0
2012-06-16,32797.0
2012-06-23,24932.0
2012-06-30,22819.0
2012-07-07,27594.0
2012-07-14,23408.0
2012-07-21,20105.0
2012-07-28,18708.0
2012-08-04,21242.0
2012-08-11,19363.0
2012-08-18,19827.0
2012-08-25,18554.0
2012-09-01,20193.0
2012-09-08,18569.0
2012-09-15,18689.0
2012-09-22,18150.0
2012-09-29,19139.0
2012-10-06,20531.0
2012-10-13,20234.0
2012-10-20,21913.0
2012-10-27,21085.0
2012-11-03,28851.0
2012-11-10,35888.0
2012-11-17,24437.0
2012-11-24,25591.0
2012-12-01,40227.0
2012-12-08,28980.0
2012-12-15,25568.0
2012-12-22,31098.0
2012-12-29,43581.0
2013-01-05,40173.0
2013-01-12,39537.0
2013-01-19,26912.0
2013-01-26,25538.0
2013-02-02,26352.0
2013-02-09,24332.0
2013-02-16,21467.0
2013-02-23,20686.0
2013-03-02,21453.0
2013-03-09,22254.0
2013-03-16,19757.0
2013-03-23,21205.0
2013-03-30,24220.0
2013-04-06,22921.0
2013-04-13,22121.0
2013-04-20,18475.0
2013-04-27,18621.0
2013-05-04,19013.0
2013-05-11,19433.0
2013-05-18,18946.0
2013-05-25,20279.0
2013-06-01,18356.0
2013-06-08,23570.0
2013-06-15,28452.0
2013-06-22,24214.0
2013-06-29,21586.0
2013-07-06,26417.0
2013-07-13,28629.0
2013-07-20,19812.0
2013-07-27,17525.0
2013-08-03,18524.0
2013-08-10,18383.0
2013-08-17,17484.0
2013-08-24,17324.0
2013-08-31,18049.0
2013-09-07,16754.0
2013-09-14,17343.0
2013-09-21,16262.0
2013-09-28,16998.0
2013-10-05,18030.0
2013-10-12,21392.0
2013-10-19,18152.0
2013-10-26,19694.0
2013-11-02,20321.0
2013-11-09,23032.0
2013-11-16,19920.0
2013-11-23,24336.0
2013-11-30,25279.0
2013-12-07,39283.0
2013-12-14,28417.0
2013-12-21,29066.0
2013-12-28,39667.0
2014-01-04,35493.0
2014-01-11,42600.0
2014-01-18,26005.0
2014-01-25,24840.0
2014-02-01,27288.0
2014-02-08,26171.0
2014-02-15,22494.0
2014-02-22,22203.0
2014-03-01,20117.0
2014-03-08,22078.0
2014-03-15,18912.0
2014-03-22,18848.0
2014-03-29,16841.0
2014-04-05,19176.0
2014-04-12,21794.0
2014-04-19,19056.0
2014-04-26,17352.0
2014-05-03,18755.0
2014-05-10,17331.0
2014-05-17,18512.0
2014-05-24,17263.0
2014-05-31,15847.0
2014-06-07,18756.0
2014-06-14,25876.0
2014-06-21,24283.0
2014-06-28,19675.0
2014-07-05,19715.0
2014-07-12,24207.0
2014-07-19,16974.0
2014-07-26,14750.0
2014-08-02,15603.0
2014-08-09,15882.0
2014-08-16,15730.0
2014-08-23,14818.0
2014-08-30,15061.0
2014-09-06,14201.0
2014-09-13,14004.0
2014-09-20,13175.0
2014-09-27,13245.0
2014-10-04,14620.0
2014-10-11,18633.0
2014-10-18,15174.0
2014-10-25,16060.0
2014-11-01,16958.0
2014-11-08,19655.0
2014-11-15,18010.0
2014-11-22,26223.0
2014-11-29,22024.0
2014-12-06,34326.0
2014-12-13,23389.0
2014-12-20,24829.0
2014-12-27,29049.0
2015-01-03,41998.0
2015-01-10,40373.0
2015-01-17,27179.0
2015-01-24,20530.0
2015-01-31,22037.0
2015-02-07,24035.0
2015-02-14,19884.0
2015-02-21,22148.0
2015-02-28,22554.0
2015-03-07,22236.0
2015-03-14,19971.0
2015-03-21,18279.0
2015-03-28,15941.0
2015-04-04,19419.0
2015-04-11,22446.0
2015-04-18,16880.0
2015-04-25,15130.0
2015-05-02,15463.0
2015-05-09,15647.0
2015-05-16,16222.0
2015-05-23,15963.0
2015-05-30,15097.0
2015-06-06,19227.0
2015-06-13,25234.0
2015-06-20,22709.0
2015-06-27,18329.0
2015-07-04,18359.0
2015-07-11,24018.0
2015-07-18,16562.0
2015-07-25,14637.0
2015-08-01,14736.0
2015-08-08,15771.0
2015-08-15,14605.0
2015-08-22,16480.0
2015-08-29,14931.0
2015-09-05,15303.0
2015-09-12,13443.0
2015-09-19,13597.0
2015-09-26,13343.0
2015-10-03,15891.0
2015-10-10,18027.0
2015-10-17,14444.0
2015-10-24,15795.0
2015-10-31,16617.0
2015-11-07,19457.0
2015-11-14,19471.0
2015-11-21,20478.0
2015-11-28,20580.0
2015-12-05,32601.0
2015-12-12,23047.0
2015-12-19,21767.0
2015-12-26,27117.0
2016-01-02,38333.0
2016-01-09,42598.0
2016-01-16,27249.0
2016-01-23,20896.0
2016-01-30,24951.0
2016-02-06,22667.0
2016-02-13,18928.0
2016-02-20,18475.0
2016-02-27,17866.0
2016-03-05,17681.0
2016-03-12,17007.0
2016-03-19,15600.0
2016-03-26,17658.0
2016-04-02,17297.0
2016-04-09,20346.0
2016-04-16,16076.0
2016-04-23,15056.0
2016-04-30,15003.0
2016-05-07,18550.0
2016-05-14,17882.0
2016-05-21,15866.0
2016-05-28,14988.0
2016-06-04,16732.0
2016-06-11,23148.0
2016-06-18,20788.0
2016-06-25,18929.0
2016-07-02,17566.0
2016-07-09,19718.0
2016-07-16,16071.0
2016-07-23,14041.0
2016-07-30,13247.0
2016-08-06,15606.0
2016-08-13,14134.0
2016-08-20,14459.0
2016-08-27,13579.0
2016-09-03,15213.0
2016-09-10,12403.0
2016-09-17,13110.0
2016-09-24,11886.0
2016-10-01,13208.0
2016-10-08,16906.0
2016-10-15,12718.0
2016-10-22,14358.0
2016-10-29,14659.0
2016-11-05,16351.0
2016-11-12,14700.0
2016-11-19,18312.0
2016-11-26,18607.0
2016-12-03,29526.0
2016-12-10,20760.0
2016-12-17,19265.0
2016-12-24,21276.0
2016-12-31,25265.0
2017-01-07,31305.0
2017-01-14,29016.0
2017-01-21,19654.0
2017-01-28,19304.0
2017-02-04,18659.0
2017-02-11,16103.0
2017-02-18,16198.0
2017-02-25,13436.0
2017-03-04,15557.0
2017-03-11,15455.0
2017-03-18,16077.0
2017-03-25,18293.0
2017-04-01,14184.0
2017-04-08,14991.0
2017-04-15,14496.0
2017-04-22,12781.0
2017-04-29,11799.0
2017-05-06,12942.0
2017-05-13,12770.0
2017-05-20,12586.0
2017-05-27,13074.0
2017-06-03,14054.0
2017-06-10,19359.0
2017-06-17,20494.0
2017-06-24,17725.0
2017-07-01,15616.0
2017-07-08,15880.0
2017-07-15,14690.0
2017-07-22,12674.0
2017-07-29,11615.0
2017-08-05,12830.0
2017-08-12,12221.0
2017-08-19,11390.0
2017-08-26,11399.0
2017-09-02,12141.0
2017-09-09,11083.0
2017-09-16,11039.0
2017-09-23,10705.0
2017-09-30,10517.0
2017-10-07,12593.0
2017-10-14,11352.0
2017-10-21,12372.0
2017-10-28,11954.0
2017-11-04,14417.0
2017-11-11,14880.0
2017-11-18,17390.0
2017-11-25,17314.0
2017-12-02,24799.0
2017-12-09,18892.0
2017-12-16,18469.0
2017-12-23,22059.0
2017-12-30,28909.0
2018-01-06,34318.0
2018-01-13,27976.0
2018-01-20,17051.0
2018-01-27,18637.0
2018-02-03,17048.0
2018-02-10,15628.0
2018-02-17,15193.0
2018-02-24,13222.0
2018-03-03,13819.0
2018-03-10,13547.0
2018-03-17,13986.0
2018-03-24,13477.0
2018-03-31,15920.0
2018-04-07,14786.0
2018-04-14,12055.0
2018-04-21,12402.0
2018-04-28,10866.0
2018-05-05,12521.0
2018-05-12,11143.0
2018-05-19,13362.0
2018-05-26,11851.0
2018-06-02,10898.0
2018-06-09,16921.0
2018-06-16,19490.0
2018-06-23,17818.0
2018-06-30,13852.0
2018-07-07,15856.0
2018-07-14,14020.0
2018-07-21,11632.0
2018-07-28,11170.0
2018-08-04,12504.0
2018-08-11,11400.0
2018-08-18,10435.0
2018-08-25,11017.0
2018-09-01,10833.0
2018-09-08,9885.0
2018-09-15,10518.0
2018-09-22,9774.0
2018-09-29,9323.0
2018-10-06,9925.0
2018-10-13,10253.0
2018-10-20,10269.0
2018-10-27,10086.0
2018-11-03,12784.0
2018-11-10,14100.0
2018-11-17,13316.0
2018-11-24,16860.0
2018-12-01,26797.0
2018-12-08,16188.0
2018-12-15,15781.0
2018-12-22,18834.0
2018-12-29,26201.0
2019-01-05,27727.0
2019-01-12,23772.0
2019-01-19,15830.0
2019-01-26,14644.0
2019-02-02,19657.0
2019-02-09,17574.0
2019-02-16,13418.0
2019-02-23,12923.0
2019-03-02,14697.0
2019-03-09,15320.0
2019-03-16,13078.0
2019-03-23,11897.0
2019-03-30,10520.0
2019-04-06,11127.0
2019-04-13,11495.0
2019-04-20,12458.0
2019-04-27,11817.0
2019-05-04,11977.0
2019-05-11,10937.0
2019-05-18,11929.0
2019-05-25,9862.0
2019-06-01,11990.0
2019-06-08,17364.0
2019-06-15,19548.0
2019-06-22,18602.0
2019-06-29,14483.0
2019-07-06,13132.0
2019-07-13,14876.0
2019-07-20,11370.0
2019-07-27,10023.0
2019-08-03,10921.0
2019-08-10,11332.0
2019-08-17,11157.0
2019-08-24,10944.0
2019-08-31,11186.0
2019-09-07,9834.0
2019-09-14,10036.0
2019-09-21,9521.0
2019-09-28,10026.0
2019-10-05,10561.0
2019-10-12,11157.0
2019-10-19,10922.0
2019-10-26,11488.0
2019-11-02,12518.0
2019-11-09,14435.0
2019-11-16,12342.0
2019-11-23,17406.0
2019-11-30,17339.0
2019-12-07,25417.0
2019-12-14,20691.0
2019-12-21,19967.0
2019-12-28,26152.0
2020-01-04,27298.0
2020-01-11,26356.0
2020-01-18,16218.0
2020-01-25,13359.0
2020-02-01,15893.0
2020-02-08,14425.0
2020-02-15,13583.0
2020-02-22,12631.0
2020-02-29,12045.0
2020-03-07,12227.0
2020-03-14,15439.0
2020-03-21,363000.0
2020-03-28,374056.0
2020-04-04,239077.0
2020-04-11,172733.0
2020-04-18,124633.0
2020-04-25,82414.0
2020-05-02,58240.0
2020-05-09,50299.0
2020-05-16,41673.0
2020-05-23,55374.0
2020-05-30,42266.0
2020-06-06,45049.0
2020-06-13,44341.0
2020-06-20,42577.0
2020-06-27,45261.0
2020-07-04,44086.0
2020-07-11,44798.0
2020-07-18,37986.0
2020-07-25,35808.0
2020-08-01,29371.0
2020-08-08,27094.0
2020-08-15,25584.0
2020-08-22,27510.0
2020-08-29,24883.0
2020-09-05,22626.0
2020-09-12,21747.0
2020-09-19,22762.0
2020-09-26,22955.0
2020-10-03,19844.0
2020-10-10,20251.0
2020-10-17,19223.0
2020-10-24,19974.0
2020-10-31,23742.0
2020-11-07,23051.0
2020-11-14,22756.0
2020-11-21,26983.0
2020-11-28,23878.0
2020-12-05,40833.0
2020-12-12,39258.0
2020-12-19,47305.0
2020-12-26,38279.0
2021-01-02,38647.0
2021-01-09,41424.0
2021-01-16,32921.0
2021-01-23,26580.0
2021-01-30,30424.0
2021-02-06,31730.0
2021-02-13,28417.0
2021-02-20,25051.0
2021-02-27,24106.0
2021-03-06,20837.0
2021-03-13,19938.0
2021-03-20,19748.0
2021-03-27,21571.0
2021-04-03,23360.0
2021-04-10,22454.0
2021-04-17,22356.0
2021-04-24,24287.0
2021-05-01,21960.0
2021-05-08,24116.0
2021-05-15,22906.0
2021-05-22,24253.0
2021-05-29,31317.0
2021-06-05,7684.0
