Date,YieldCurve,SahmRule,WagesPhillyMSA,NonfarmEmployeesPhillyMSA,NonfarmEmployeesPhilly,PersonalSavingsRate,NYCGasPrice,CarSales,RealRetailFoodServiceSales,UnemploymentRate,PPI,UnemploymentPhillyMSA,UnemploymentPhilly,CorporateProfits,RealGDP,AlcoholSales,PrimeEPOP,UncertaintyIndex,HousePriceIndexPhillyMSA,BuildingPermitsPhillyMSA,EconomicConditionsPhillyMSA,CPIPhillyMSA,InitialClaimsPA,ContinuedClaimsPA,NewManufacturingOrders,ConsumerConfidence,ManufacturingHoursWorked,PCE,RealDisposablePersonalIncome,HousingStarts,HousingSupply,GovtSocialBenefits,GDPPriceIndex,GDP,PCEPriceIndex,CPIU,10YearTreasury,3MonthTreasury,FedFundsRate,OilPriceWTI,FHFAHousePriceIndex,NonfarmEmployment,PersonalIncome,Wage&Salaries,NonresidentialInvestment,ResidentialInvestment,TotalBusinessSales,SP500,AmusementBase,GrossReceiptsBase,NetIncomeBase,NPTBase,ParkingBase,RTTBase,SalesBase,WageBase
1996-01-01,0.6403225806451613,0.1333333333333333,633.494864262569,2488.2000000000003,673.3000000000001,6.666666666666667,0.5408095238095237,15.481,136411.66666666666,5.533333333333334,126.3,5.666666666666667,7.61488500291292,772.255,10824.674,1929.3333333333333,79.86666666666667,86.1341144018306,105.3,1192.4606717713248,2.9933333333333336,161.11405480136523,24286.470505415626,182731.7509640522,48964.66666666666,100.509208173337,40.7,5130.599999999999,7882.633333333334,1460.6666666666667,5.966666666666666,674.991,72.655,7868.468,72.559,155.06666666666666,5.91,4.93,5.363333333333333,19.76,113.71,118682.66666666669,6520.965,3524.4666666666667,1003.747,344.725,665407.3333333334,637.01,25221361.2,218776592.33000004,224748161.84769225,38463103.456716485,45055375.13333335,417315784.0,2202700600.0,5879433049.001422
1996-04-01,0.60328125,-0.0233333333333333,634.204732047012,2518.7000000000003,673.9333333333333,6.5,0.6411746031746032,15.571666666666667,137903.33333333334,5.5,127.83333333333331,5.466666666666666,7.304869009722445,784.776,11005.217,1930.6666666666667,80.0,75.79995912563153,103.41,1419.91876282125,4.32,162.299219226419,21465.76350325438,162852.13138845123,50054.333333333336,100.69547042301036,41.36666666666667,5220.533333333334,7954.866666666666,1495.6666666666667,5.966666666666666,680.667,72.952,8032.84,73.04466666666667,156.4,6.72,5.02,5.243333333333333,21.69666666666667,114.47,119471.0,6649.846,3589.933333333333,1026.468,361.399,683338.6666666666,658.9666666666667,36110132.0,1794259068.4900005,1843233881.773846,212459544.7979929,47850911.46666667,313479079.99999994,1707329000.0,5672519096.455892
1996-07-01,0.6,-0.0666666666666666,634.799370917538,2526.3,675.9,6.666666666666667,0.616140625,15.364666666666666,138152.33333333334,5.266666666666667,128.16666666666666,5.366666666666667,7.133783520917593,790.044,11103.935,1944.0,80.43333333333334,76.96880407998634,102.39,1450.4557845993368,2.47,163.256811139712,20989.6842372318,156356.29225389817,50550.333333333336,101.05850771399734,41.5,5274.5,8019.3,1501.3333333333333,5.3,683.711,73.306,8131.408,73.356,157.29999999999998,6.78,5.096666666666667,5.306666666666667,22.39,115.19,120208.0,6725.853,3647.2333333333336,1058.965,364.315,690877.0,660.5433333333334,45949333.4,136305054.77627122,137691781.14,17909542.34115667,44402845.06666667,431828708.0,2141674200.0,5718973339.338791
1996-10-01,0.550483870967742,0.0333333333333333,645.6676118527649,2537.9,672.0333333333333,6.400000000000001,0.67653125,15.401000000000002,139499.0,5.333333333333333,128.4333333333333,5.266666666666667,7.2275463407641185,810.914,11219.238,1906.6666666666667,80.53333333333333,61.96991664133344,103.4,1585.0178140879998,3.286666666666666,164.6400072037041,21427.969266575183,153674.15144827968,51995.0,101.38018141787968,41.53333333333333,5352.766666666666,8062.033333333333,1417.0,5.266666666666667,688.911,73.616,8259.771,73.85566666666666,158.66666666666666,6.343333333333334,4.976666666666667,5.28,24.606666666666666,115.85,120923.0,6817.457,3704.2666666666655,1083.597,361.806,699627.3333333334,726.7933333333334,56777070.2,45027615.90847457,45485713.24153845,22394414.754066285,46875206.06666667,576954906.6666666,2126914700.0,5793456821.586655
1997-01-01,0.5223333333333333,0.12,651.303280090127,2556.266666666667,666.6,6.266666666666667,0.6383606557377048,15.589666666666668,140960.66666666666,5.233333333333333,128.5,5.1000000000000005,7.045769472615408,839.036,11291.665,1950.3333333333333,80.5,58.58701314172063,103.74,1665.8270995606233,3.5033333333333334,165.70478567435006,18587.12718683863,149246.49840390473,53479.333333333336,101.61658212754868,41.6,5433.099999999999,8138.766666666666,1432.6666666666667,4.433333333333334,704.464,73.946,8362.655,74.182,159.63333333333333,6.5633333333333335,5.06,5.276666666666666,22.76,116.59,121676.0,6939.356,3776.366666666667,1107.299,365.359,713321.6666666666,785.59,26804719.4,262696443.640678,265369037.73230767,45897433.49074657,46120290.60000002,398526049.3333334,2293903700.0,6089935041.677449
1997-04-01,0.42375,-0.1033333333333333,653.346876384077,2569.5,665.3333333333334,6.633333333333333,0.586546875,14.89,140333.0,5.0,127.2,4.933333333333334,6.947280924842716,861.635,11479.33,1992.6666666666667,80.73333333333333,78.78705415011565,103.39,1522.10371808737,3.4333333333333336,166.2203286457559,20293.972800665582,144764.0004883188,54980.0,102.12883762103066,41.7,5471.233333333334,8210.933333333334,1476.0,4.566666666666666,707.548,74.314,8518.825,74.36766666666666,160.0,6.696666666666666,5.046666666666667,5.523333333333333,19.926666666666662,117.54,122548.66666666669,7022.275,3835.633333333333,1129.567,372.277,718286.6666666666,824.4366666666666,52618232.2,1961411113.250848,1981365916.14,210632470.1886456,50448182.53333334,392813520.0,2086747400.0,5806943625.90971
1997-07-01,0.3384375,0.0,663.765845123881,2592.1,666.1999999999999,6.1000000000000005,0.63753125,15.604,142687.0,4.866666666666667,127.2,4.733333333333333,6.896058937387308,896.641,11622.911,2016.6666666666667,81.16666666666667,60.68400287370559,104.22,1486.9687727437995,4.253333333333333,166.94818450483888,20649.622155746787,142724.37955600026,59114.66666666666,102.44780491416468,41.66666666666666,5579.166666666667,8307.566666666668,1457.6666666666667,4.3,709.184,74.535,8662.823,74.56400000000001,160.79999999999998,6.243333333333333,5.046666666666667,5.533333333333334,19.80333333333333,118.39,123263.0,7135.314,3902.966666666666,1178.364,378.952,729223.3333333334,929.85,45589075.99999999,117965767.83652176,116136273.91846152,22808010.6513308,46227574.6,592029884.3333334,2785702100.0,6043445834.12271
1997-10-01,0.1717741935483871,-0.0666666666666666,683.154174385435,2614.133333333333,672.5666666666666,6.333333333333333,0.5532698412698412,15.909999999999998,142568.33333333334,4.666666666666667,127.5,4.566666666666666,6.594392434144596,881.587,11722.722,2055.333333333333,81.03333333333333,68.77406663520635,105.33,1573.1448467598932,3.776666666666667,166.90258043709068,20802.44358982341,145196.48471429414,57983.333333333336,102.42446329705034,41.86666666666667,5663.633333333334,8429.9,1532.0,4.2,710.244,74.802,8765.907,74.79766666666667,161.66666666666666,5.906666666666666,5.09,5.506666666666667,19.95,119.67,124237.66666666669,7273.02,3992.4,1181.123,385.754,733815.6666666666,950.8166666666666,62648836.2,108678986.02086958,106993517.8753846,16296451.0262655,49325283.73333333,714270666.3333333,2227887400.0,6144155489.013308
1998-01-01,0.141311475409836,-0.01,675.608988873876,2628.0333333333333,674.8000000000001,7.433333333333334,0.4577049180327869,15.142,143282.66666666666,4.633333333333333,125.03333333333336,4.433333333333334,6.57949970384251,812.675,11839.876,2086.0,81.0,86.38593028699167,107.28,1900.5344095304035,2.57,167.0942767190088,21074.62834820176,142793.7047239018,57948.333333333336,102.68070358205864,41.73333333333333,5721.333333333333,8607.366666666667,1558.6666666666667,4.0,719.697,74.878,8866.48,74.80366666666667,162.0,5.586666666666667,5.053333333333334,5.52,15.966666666666669,121.17,124997.33333333331,7434.561,4074.9,1212.378,394.846,737892.6666666666,1021.31,33085502.0,222161881.92000005,218716443.30461532,55731753.52551049,48896118.93333333,701949259.0,2179858500.0,6462540431.213221
1998-04-01,0.0349206349206349,-0.1,697.8618486569819,2633.2000000000003,672.9,6.966666666666666,0.4633015873015872,16.58366666666667,146027.33333333334,4.4,124.93333333333334,4.333333333333333,6.331290995837068,809.423,11949.492,2087.6666666666665,81.03333333333333,77.74736124978617,107.62,1628.2646818498267,2.473333333333333,167.67483386949587,21687.104639021756,139173.93354464322,57834.66666666666,102.60743851275367,41.36666666666667,5832.566666666667,8725.733333333334,1572.3333333333333,3.9,720.665,75.072,8969.699,74.93866666666666,162.53333333333333,5.596666666666667,4.976666666666667,5.5,14.660000000000002,122.85,125787.33333333331,7561.053,4145.5,1247.103,411.33,739770.0,1109.67,46712162.99999999,1948422342.3547823,1918204874.2661536,203248218.7349919,52854437.93333335,673084212.6666666,2516083800.0,5995696094.921113
1998-07-01,0.07125,0.1233333333333333,697.3868501192289,2649.6666666666665,671.9666666666667,6.7,0.418421875,15.259,145345.66666666666,4.533333333333333,124.3,4.2,6.31069724026455,817.632,12099.191,2120.6666666666665,81.2,111.55050806602512,107.09,1576.907185705507,2.9333333333333336,168.27926163358313,21135.97038539152,140694.5875560225,58195.0,102.11292798935268,41.36666666666667,5926.866666666666,8813.633333333333,1631.3333333333333,4.066666666666666,723.465,75.363,9121.097,75.17066666666666,163.36666666666667,5.203333333333333,4.823333333333333,5.533333333333334,14.223333333333334,124.45,126500.33333333331,7668.149,4217.400000000001,1261.652,427.55,738341.6666666666,1083.9466666666665,48591320.8,83405348.63063064,79255777.31538461,23807191.65256148,50274441.26666667,696786239.0000001,2447883500.0,6625478006.919741
1998-10-01,0.2856451612903226,0.1233333333333333,723.942323408869,2662.833333333333,681.4333333333333,6.1000000000000005,0.3713650793650794,16.886,148936.66666666666,4.433333333333334,123.46666666666664,4.1,6.0752800096734525,794.071,12294.737,2152.6666666666665,81.2,92.3200196615999,109.15,1649.912111143433,3.1366666666666667,169.75998263495586,20363.80959907329,137976.153766191,58433.0,101.841676344626,41.43333333333333,6028.233333333334,8883.4,1722.3333333333333,3.766666666666667,724.717,75.565,9293.991,75.36866666666667,164.13333333333333,4.670000000000001,4.253333333333333,4.86,12.936666666666667,126.48,127260.33333333331,7762.884,4288.666666666667,1295.444,441.503,752795.6666666666,1122.3166666666666,57958858.4,129321385.71171172,122887406.09999998,31680848.03944854,51454014.8,621270606.3333334,2605357200.0,6225451607.713827
1999-01-01,0.1391803278688524,-0.0333333333333333,699.772192277989,2679.866666666667,679.6999999999999,6.233333333333333,0.3651311475409836,16.840666666666667,151164.33333333334,4.3,122.6,4.0,5.93206792162494,847.051,12410.778,2149.333333333333,81.53333333333333,70.2345052548228,109.85,1676.7377952144568,3.4966666666666666,168.78437821884896,20716.810057756764,139552.0954343048,58464.333333333336,102.40067179380934,41.333333333333336,6102.033333333333,8980.4,1709.3333333333333,4.0,735.53,75.769,9411.682,75.51733333333333,164.73333333333332,4.983333333333333,4.406666666666667,4.733333333333333,13.07,128.33,128016.33333333331,7859.136,4364.599999999999,1322.305,447.363,762872.3333333334,1259.003333333333,31099986.4,258245585.01261264,245397386.55230767,61209611.04532272,51705894.79999999,563254206.6666666,2315877500.0,7088346820.416211
1999-04-01,0.25703125,-0.0133333333333333,712.5430453399761,2698.233333333333,684.0333333333333,4.833333333333333,0.4938730158730159,17.279666666666667,153175.33333333334,4.266666666666667,124.5,4.066666666666666,6.230401528687591,840.208,12514.408,2195.6666666666665,81.36666666666667,62.86034884178997,110.16,1750.6882450778933,2.433333333333333,171.58416928752075,20182.26573893736,137769.00408799935,59262.66666666666,102.53146919838468,41.333333333333336,6230.633333333334,8991.066666666668,1574.3333333333333,3.9333333333333336,738.63,76.112,9526.21,75.94666666666667,165.96666666666667,5.54,4.453333333333333,4.746666666666667,17.650000000000002,130.25,128831.33333333331,7922.929,4409.333333333333,1353.96,459.27,777539.6666666666,1329.7933333333333,58215740.99999999,2137584694.2738743,2031235877.598461,273908492.6994764,55668010.53333335,544519930.6666666,2551559200.0,6291802780.007052
1999-07-01,0.250625,0.02,730.8721976774029,2706.6,685.5666666666666,4.533333333333333,0.636921875,17.663666666666668,155302.33333333334,4.233333333333333,126.86666666666667,4.1,6.525606587471102,823.719,12679.977,2204.0,81.26666666666667,52.84872591025884,110.83,1628.5216420365966,1.8866666666666667,172.70982401701156,19679.17426913632,137028.43164234728,62345.66666666666,102.44700171254232,41.43333333333333,6335.333333333333,9059.8,1650.6666666666667,4.166666666666667,741.09,76.404,9686.626,76.36433333333333,167.20000000000002,5.883333333333333,4.65,5.093333333333334,21.72666666666667,132.26,129585.0,8038.308,4473.666666666667,1386.594,466.625,792637.0,1342.2166666666667,55076698.6,156715641.18867928,142210694.74615383,10904264.216981772,52921253.8,713179985.3333334,2712191900.0,6511601295.75033
1999-10-01,0.1966129032258064,-0.0433333333333333,744.949964122585,2719.6,691.4,4.4,0.6754920634920635,17.875333333333334,157655.0,4.066666666666666,127.93333333333334,4.1,6.156969503215175,828.66,12888.281,2244.333333333333,81.53333333333333,54.551461372010976,111.46,1638.79340249903,2.9066666666666667,173.94641950414794,16966.860281889327,131873.8416466775,62917.0,102.539137907947,41.4,6467.033333333333,9181.0,1654.6666666666667,4.266666666666667,744.162,76.806,9900.169,76.82833333333333,168.43333333333334,6.140000000000001,5.043333333333334,5.306666666666667,24.596666666666668,134.25,130471.66666666669,8206.872,4584.066666666667,1395.049,473.806,810839.6666666666,1373.2300000000002,77332635.39999999,175741349.09811324,159475462.44461536,38260402.84524829,55781431.2,589375437.6666666,2413867600.0,6932029316.594626
2000-01-01,-0.0579365079365079,-0.01,749.446446108259,2729.433333333333,697.8000000000001,4.6000000000000005,0.8090161290322581,18.793000000000003,159756.0,4.033333333333333,129.63333333333335,3.9,5.77444149843255,808.499,12935.252,2292.0,81.76666666666667,58.0479172805832,111.74,1733.4448631065268,2.486666666666667,175.14778201452745,17174.62400417505,126650.48697488192,62038.0,102.956996053643,41.46666666666667,6618.233333333334,9341.533333333333,1659.0,4.3,756.821,77.318,10002.179,77.45233333333333,170.1,6.48,5.5200000000000005,5.676666666666667,28.82333333333333,136.62,131241.66666666666,8443.321,4751.5,1450.25,484.243,824357.0,1418.89,27768811.0,320857975.77358496,291160699.10769224,38950322.66014205,52754286.26666668,571989599.666667,2666377200.0,7060027491.750881
2000-04-01,-0.3877777777777778,-0.02,748.858472956732,2743.3,699.6999999999999,4.8,0.8663492063492063,17.826,158635.33333333334,3.9333333333333336,132.03333333333333,3.866666666666666,5.5414819059747655,798.135,13170.749,2345.333333333333,81.63333333333334,86.02532266420647,114.69,1516.66680323303,1.9266666666666663,175.9557432195598,18568.79642321681,126288.57350344176,65486.333333333336,102.84428521635634,41.36666666666667,6711.900000000001,9452.966666666664,1586.6666666666667,4.533333333333334,772.861,77.783,10247.72,77.82133333333333,171.4333333333333,6.176666666666667,5.713333333333334,6.273333333333333,28.776666666666667,138.91,132018.0,8586.022,4779.066666666667,1498.729,486.613,834201.3333333334,1447.2666666666669,70655564.4,2451589901.7849064,2224680960.503077,211898790.8445229,59024273.333333336,800395417.3333334,4454023600.0,7539998120.853707
2000-07-01,-0.3271428571428571,0.02,759.771889068561,2744.1666666666665,697.5333333333333,4.933333333333334,0.8965806451612903,17.833666666666666,158590.33333333334,4.0,133.76666666666665,3.966666666666667,5.673855220211464,781.208,13183.89,2411.333333333333,81.16666666666667,45.691847023753496,115.78,1591.8497938439932,1.8633333333333333,176.8262955713487,19054.60022355037,131150.85009192143,65024.333333333336,102.68527939479968,41.2,6819.966666666667,9575.433333333332,1503.6666666666667,4.166666666666667,777.541,78.27,10318.165,78.32266666666668,173.0,5.8933333333333335,6.016666666666667,6.52,31.613333333333333,141.1,132273.0,8746.934,4871.3,1519.657,483.08,836201.0,1475.503333333333,59554138.8,165819484.58217826,143374192.06615385,31226246.32301588,55919350.66666666,588824622.6666666,2858860500.0,6951772493.050257
2000-10-01,-0.1483870967741935,-0.01,768.938746543524,2756.0333333333333,689.3333333333334,4.633333333333334,0.8798571428571428,16.790000000000003,158552.0,3.9,135.53333333333333,4.0,5.498602660841681,758.394,13262.25,2423.0,81.26666666666667,101.77511851391394,117.86,1507.494630555267,1.9966666666666668,178.24914451721247,19654.10565918653,142867.3829456694,62901.0,102.14822424288,40.86666666666667,6918.599999999999,9634.933333333332,1544.0,3.9333333333333336,786.545,78.694,10435.744,78.76566666666666,174.23333333333335,5.566666666666666,6.016666666666667,6.473333333333334,31.99,143.56,132538.66666666666,8847.395,4897.933333333333,1525.091,487.792,838207.0,1366.37,78654841.39999999,199417695.37821785,172424555.7184615,15650122.604734477,58552382.66666667,841929393.6666666,2679204500.0,7096107436.53085
2001-01-01,0.4640322580645161,0.21,779.733476964586,2757.366666666667,693.8333333333334,5.066666666666666,0.8124032258064516,17.575333333333333,158056.0,4.233333333333333,137.76666666666668,4.0,5.869901084321495,747.995,13219.251,2465.6666666666665,81.33333333333333,123.7076452118166,121.4,1327.173509716937,1.0566666666666666,179.5300630031178,20121.73997993513,154328.82678844914,59883.66666666666,100.77690843706166,40.53333333333333,6995.3,9713.366666666669,1605.0,3.766666666666667,817.332,79.233,10470.231,79.34933333333333,175.9,5.05,4.816666666666666,5.593333333333334,28.816666666666663,146.21,132744.66666666666,9009.227,4979.466666666666,1505.248,496.716,831657.0,1275.743333333333,51736880.4,325534437.00990105,281470160.2384615,36469002.53936479,56303246.53333335,547735766.0,2725094900.0,7479875235.184104
2001-04-01,1.0844444444444443,0.4666666666666666,775.651329766878,2753.9666666666667,689.6,4.666666666666667,0.8642222222222222,17.070666666666668,158583.66666666666,4.4,136.23333333333335,4.033333333333333,5.908994810798073,777.974,13301.394,2457.6666666666665,80.76666666666667,109.10436142280491,124.22,1470.4505098916168,0.21,181.45403658991435,24425.076417469438,167954.36452160418,55622.66666666666,100.60156139625234,40.36666666666667,7042.233333333334,9688.433333333332,1630.0,4.033333333333334,831.04,79.761,10599.0,79.72066666666667,177.13333333333333,5.27,3.66,4.326666666666667,27.906666666666663,148.58,132390.66666666666,9032.446,4961.400000000001,1473.585,511.008,820448.0,1232.9733333333334,68869250.6,2995051452.201981,2589641882.183077,239097405.37227893,86162666.53333333,589019876.0000001,2867257500.0,8535503208.776261
2001-07-01,1.3195081967213114,0.6866666666666666,779.421459943686,2747.1666666666665,687.3000000000001,6.4,0.7405079365079366,16.392,157068.0,4.833333333333333,133.36666666666667,4.4,6.1140075373455405,746.705,13248.142,2454.333333333333,80.3,124.48015052739602,127.36,1375.8096939562936,-0.4133333333333333,181.87220922460943,24617.893097778884,182912.94506683145,52780.0,100.23599082897458,40.36666666666667,7070.333333333333,9899.766666666668,1599.6666666666667,4.333333333333333,849.432,80.003,10598.02,79.76100000000001,177.63333333333333,4.98,3.17,3.4966666666666666,26.666666666666668,150.84,131992.0,9009.681,4935.933333333333,1452.58,522.446,810950.3333333334,1142.53,61320168.8,9224795.033333331,7581270.756923073,3468022.298615215,61597457.13333334,741625313.6666667,2813019500.0,6985393355.49089
2001-10-01,1.895,1.3866666666666667,779.5742107916051,2739.6666666666665,682.1,3.466666666666667,0.5473387096774194,18.85033333333333,162507.33333333334,5.5,129.4,4.866666666666667,6.668575987168768,762.185,13284.881,2496.6666666666665,79.8,166.3542185532236,129.92,1638.2451166949832,-0.4666666666666666,182.12586608376256,26808.853048158664,207013.39916845292,50787.0,99.88025447627788,40.13333333333333,7187.3,9735.366666666669,1570.0,4.066666666666666,865.236,80.261,10660.465,79.79366666666667,177.5,4.7700000000000005,1.906666666666667,2.1333333333333333,20.4,153.21,131192.66666666666,8999.87,4937.733333333334,1408.856,522.064,810038.0,1117.0666666666666,86440319.0,170202927.25833336,139878931.78153846,27050121.235811666,57963983.06666668,691833190.3333334,2325336200.0,7499943812.275963
2002-01-01,1.8786666666666667,1.4900000000000002,796.4679595383411,2744.5,682.4333333333333,5.6000000000000005,0.5983166666666667,16.977999999999998,159645.33333333334,5.7,128.9,5.233333333333333,7.0450215653566906,852.492,13394.91,2514.0,79.66666666666667,107.58453907595432,132.93,1467.18428334132,0.4399999999999999,182.8262482686367,22301.45835268485,209335.47552496067,48478.66666666666,100.78156053787866,40.3,7217.733333333334,9963.933333333332,1723.0,4.1000000000000005,895.005,80.475,10783.5,79.95433333333334,178.0666666666667,5.076666666666667,1.72,1.7333333333333334,21.656666666666663,155.76,130768.33333333331,9041.513,4945.866666666667,1374.027,538.339,807298.0,1131.5566666666666,74132548.8,393699078.2666667,323556165.5630769,63048214.34116876,63520792.33333332,653243629.0,2928937700.0,7209283152.127088
2002-04-01,1.8721875,1.41,797.279870307032,2737.4666666666667,683.6,5.966666666666666,0.721546875,16.939333333333334,159947.66666666666,5.833333333333333,130.83333333333334,5.3,7.292654098890112,883.237,13477.356,2508.333333333333,79.36666666666667,98.3153141056978,136.36,1541.0889538973934,0.1266666666666666,184.1764238679516,22877.537564042726,205491.31060557257,49830.333333333336,100.93904983809534,40.63333333333333,7307.966666666667,10044.533333333333,1691.0,4.166666666666667,921.04,80.794,10887.46,80.54733333333333,179.46666666666667,5.1000000000000005,1.7133333333333332,1.75,26.246666666666663,158.62,130647.0,9141.317,4998.333333333333,1357.267,554.846,823315.6666666666,1068.4,54822625.2,2863630475.762501,2353435269.410769,256347800.1331893,69836955.13333334,1137723999.0,2742100400.0,7353927602.773088
2002-07-01,2.03359375,1.12,797.134991165951,2733.1,684.9333333333334,5.566666666666667,0.7705873015873016,17.753666666666664,160992.33333333334,5.733333333333333,131.66666666666666,5.333333333333333,7.291655127270211,914.591,13531.741,2484.333333333333,79.26666666666667,118.16712258684504,140.77,1535.1840971006798,1.08,187.1381866656421,23134.570353414267,203359.29301516936,49577.333333333336,100.09961538039586,40.46666666666667,7397.133333333334,10059.466666666667,1697.3333333333333,4.033333333333333,925.166,81.155,10984.04,80.96466666666667,180.4333333333333,4.260000000000001,1.643333333333333,1.74,28.34,161.67,130559.33333333331,9188.351,5012.133333333334,1348.884,558.88,830711.0,894.65,60654379.8,81383548.72173916,64097117.52923078,-3021196.810115593,62982668.13333334,826257587.3333334,2774170800.0,7277643567.408611
2002-10-01,2.1151612903225807,0.4333333333333333,795.143949347685,2736.133333333333,683.4333333333334,5.666666666666667,0.8018888888888889,16.881666666666664,160698.0,5.866666666666667,133.06666666666666,5.466666666666666,7.462931906049027,996.528,13549.421,2472.6666666666665,79.0,129.98933816109297,144.26,1500.821081737237,0.3566666666666667,186.271860663574,25611.49635770843,213932.8036553637,49156.66666666666,99.63800457598956,40.4,7472.966666666667,10123.4,1729.6666666666667,4.0,930.775,81.627,11061.433,81.342,181.5,4.006666666666667,1.3333333333333333,1.4433333333333334,28.21666666666667,164.89,130571.66666666669,9272.596,5027.066666666667,1331.215,578.313,832504.3333333334,887.9133333333333,88538568.6,54704723.769565225,43085060.35846153,35389860.02585156,62582153.86666667,918004275.3333334,2509028700.0,7275886245.806083
2003-01-01,2.270983606557377,0.1866666666666666,812.089275424343,2727.0333333333333,681.6666666666666,5.233333333333333,0.9419016393442622,16.429666666666666,160471.0,5.866666666666667,138.03333333333333,5.5,7.434508714670996,988.608,13619.434,2469.0,78.93333333333334,196.401522519205,146.68,1649.78156180321,-0.2666666666666666,187.72816943186305,23959.2643095634,223127.35564847625,49927.0,99.3642697179776,40.333333333333336,7567.133333333334,10117.566666666668,1736.0,4.2,947.675,82.068,11174.129,81.964,183.36666666666667,3.92,1.1566666666666665,1.25,34.096666666666664,167.81,130418.66666666669,9313.645,5027.0,1332.696,601.444,844503.6666666666,859.8333333333334,48534093.2,428686950.3000001,337630863.58615375,10797878.98674718,65143044.79999998,840208407.3333331,2767031900.0,7565243364.15274
2003-04-01,2.199047619047619,0.2433333333333333,825.795063439736,2726.066666666667,675.0333333333333,5.3,0.7892063492063491,16.744666666666667,162352.0,6.133333333333333,137.16666666666666,5.5,7.523237366087073,1024.799,13741.107,2492.6666666666665,78.96666666666667,121.93364146124571,149.61,1400.0582123119132,0.9966666666666668,187.86230768067975,24604.66268040126,218858.09104288032,49996.333333333336,100.20199089816236,40.2,7661.466666666667,10244.6,1753.6666666666667,3.8333333333333335,964.252,82.349,11312.766,82.04666666666667,183.0666666666667,3.62,1.04,1.2466666666666668,28.98,170.51,130189.0,9425.634,5101.366666666666,1366.842,612.032,840549.0,937.9966666666666,85074372.39999999,3212470251.947827,2530119250.5415382,264780278.74137145,67575582.00000007,826098150.3333334,2746884700.0,7410784353.748493
2003-07-01,2.549375,0.4366666666666667,829.912479340976,2726.633333333333,668.3,5.7,0.927140625,17.555000000000003,165639.66666666666,6.133333333333333,138.06666666666666,5.5,7.6939453598043475,1075.688,13970.157,2570.6666666666665,78.7,86.81341137133622,153.95,1565.4823243641802,1.09,189.77776973326655,23703.304188079404,215304.78439710065,50608.66666666666,100.39419543052134,40.26666666666667,7820.933333333333,10424.1,1889.6666666666667,3.633333333333333,973.697,82.822,11566.669,82.58666666666666,184.4333333333333,4.233333333333333,0.93,1.0166666666666666,30.21333333333333,173.88,130198.0,9558.974,5168.7,1392.121,651.745,860438.6666666666,1000.5033333333334,87263116.19999999,99028799.9904762,71212273.54153846,5386549.605467815,65329782.2,1196942588.3333333,2640695600.0,7287589981.054397
2003-10-01,2.428870967741936,0.1866666666666666,842.626537842131,2728.0666666666666,661.2333333333333,5.266666666666667,0.8802258064516129,17.136333333333333,165780.0,5.833333333333333,139.23333333333335,5.366666666666667,7.469471061101301,1135.903,14131.379,2616.6666666666665,78.7,64.37507202651591,160.39,2110.364662058564,1.33,190.33280725157977,23072.67643998321,204425.25822792345,52243.66666666666,100.81716840169068,40.73333333333333,7913.466666666667,10452.766666666666,2035.6666666666667,3.9666666666666655,984.259,83.302,11772.234,82.993,185.13333333333333,4.286666666666666,0.9166666666666666,0.9966666666666668,31.19333333333333,177.81,130505.33333333331,9695.809,5256.0,1411.859,683.107,873071.0,1056.4233333333334,82012753.39999999,241428070.8571429,173612543.26153845,65107564.86280504,69288006.4,965489129.3333334,2678570500.0,7443050566.255987
2004-01-01,2.323387096774194,-0.0666666666666666,842.4894803639779,2729.9666666666667,655.9333333333333,4.833333333333333,1.04872131147541,16.991333333333333,167389.0,5.7,142.20000000000002,5.266666666666667,7.422378152065209,1242.383,14212.34,2627.333333333333,78.8,80.63938755276352,164.62,1703.2137423567735,1.8633333333333333,192.7190822424443,21171.80616486652,194182.8763685909,52131.66666666666,101.30131868681968,40.93333333333333,8048.766666666666,10499.2,1918.3333333333333,3.7,1003.595,83.899,11923.447,83.63266666666668,186.7,4.0200000000000005,0.9166666666666666,1.0033333333333332,35.24666666666667,181.77,130912.0,9792.374,5274.5,1401.83,706.197,892359.3333333334,1133.2866666666666,60832056.2,502433361.2095237,361303196.2246153,27789248.85786103,68727930.93333334,1202021948.6666665,2714722500.0,7991542027.299223
2004-04-01,2.14241935483871,-0.01,853.2678427941299,2737.7333333333336,655.1999999999999,5.266666666666667,1.203241935483871,17.085666666666665,167836.66666666666,5.599999999999999,146.26666666666668,5.166666666666667,7.362795025910408,1271.66,14323.017,2670.6666666666665,79.0,71.5713035346194,171.47,1748.5619717761067,2.3800000000000003,195.7668790760077,21581.12465953647,183248.46258745863,52561.0,100.94711952178,40.86666666666667,8147.099999999999,10608.233333333332,1937.3333333333333,3.9,1013.462,84.58,12112.815,84.19566666666667,188.16666666666663,4.6000000000000005,1.0766666666666669,1.01,38.35333333333333,186.34,131632.66666666666,9957.798,5380.733333333334,1445.457,743.16,912561.3333333334,1122.9666666666665,136137261.4,3753030288.609524,2698829224.910769,253228769.3077355,79685968.86666667,1347061030.9999998,2762940300.0,7623941415.597725
2004-07-01,1.74484375,-0.0566666666666666,867.7056593902471,2748.7000000000003,658.1666666666666,4.8,1.23021875,17.447,169351.0,5.433333333333334,147.70000000000002,5.033333333333333,7.173967826230946,1330.404,14457.832,2681.333333333333,79.06666666666666,68.52244983577548,181.12,2195.539293214464,2.596666666666667,197.73047512287783,21678.117029829493,179185.90357024898,53958.66666666666,101.078285625298,40.766666666666666,8283.333333333334,10684.333333333334,1977.0,4.3,1024.057,85.116,12305.307,84.60966666666667,189.36666666666667,4.303333333333334,1.4866666666666666,1.4333333333333331,43.873333333333335,191.17,131959.33333333334,10103.606,5492.766666666666,1490.495,763.611,927835.6666666666,1104.15,80467883.0,-24150637.126315795,-15712895.916923074,-10613603.908536628,73096517.53333335,1514501055.3333333,2880161600.0,7833422147.89362
2004-10-01,1.3533870967741934,0.0,897.58901099017,2758.5333333333333,661.3000000000001,4.9,1.237322580645161,17.659333333333333,171794.66666666666,5.433333333333334,150.53333333333333,4.9,6.947883059467641,1312.858,14605.595,2707.0,79.0,74.10021502744038,187.12,1462.2972218453033,1.88,199.6576825311492,20194.9070539785,172644.92806198823,55299.0,100.98228697591134,40.56666666666667,8448.666666666666,10819.2,1965.3333333333333,4.1000000000000005,1036.898,85.772,12527.214,85.33300000000001,191.4,4.173333333333333,2.0066666666666664,1.95,48.3,195.9,132524.66666666666,10323.273,5536.099999999999,1531.693,786.299,957818.0,1161.7866666666666,38155345.4,183679460.90000004,119505594.65999998,10422073.088977933,73932476.86666666,1573820279.6666667,2845672700.0,8021643217.733478
2005-01-01,0.848688524590164,-0.0566666666666666,851.061350422397,2757.4,660.2333333333333,3.0666666666666664,1.306967213114754,17.06266666666667,172464.33333333334,5.3,152.06666666666666,4.866666666666667,7.029783536704521,1442.058,14767.846,2721.333333333333,79.2,62.43751202100744,192.65,1744.6905717315967,1.34,201.4432261096412,21605.146659599384,172982.05244857958,57346.66666666666,100.89233213216636,40.6,8551.733333333334,10688.266666666666,2071.6666666666665,4.266666666666667,1065.263,86.43,12767.286,85.82933333333334,192.36666666666667,4.296666666666667,2.536666666666666,2.47,49.72666666666667,200.78,132987.33333333334,10345.158,5574.633333333334,1568.306,815.285,976785.0,1191.9800000000002,45254983.4,616828697.8789474,401321301.696923,51630129.04320313,70839890.06666666,1652428998.0000005,3008132300.0,8589047283.346822
2005-04-01,0.51265625,-0.0566666666666666,887.2531722018961,2770.2666666666664,660.0,2.833333333333333,1.45440625,17.884,174716.0,5.1000000000000005,154.53333333333333,4.733333333333333,6.70171668270451,1456.98,14839.707,2757.6666666666665,79.36666666666667,63.177963910238745,202.31,1698.5513846912766,2.8200000000000003,203.4136128738735,21041.845549750164,168978.44221411334,58048.66666666666,100.60579796918834,40.4,8701.133333333333,10792.033333333333,2051.333333333333,4.266666666666667,1075.958,87.062,12922.656,86.37133333333334,193.66666666666663,4.16,2.8633333333333333,2.9433333333333334,53.053333333333335,206.08,133716.66666666666,10516.78,5637.866666666666,1603.838,843.801,993519.3333333334,1181.6533333333334,107368138.6,5423841510.257896,3528861647.616924,332613388.57559955,82355767.46666667,1668122815.6666667,3253964800.0,8335374805.93753
2005-07-01,0.2571875,-0.0366666666666666,923.777823589169,2778.9,661.6999999999999,2.466666666666667,1.893296875,18.493333333333336,175301.66666666666,4.966666666666667,158.70000000000002,4.733333333333333,6.535089088949812,1483.029,14956.291,2797.333333333333,79.46666666666667,62.67756882254241,210.4,1830.62952752362,2.293333333333333,205.28642810140056,21240.25595329818,166753.20014931698,58767.333333333336,100.02333342110944,40.53333333333333,8868.1,10837.1,2100.0,4.466666666666667,1091.843,87.884,13142.642,87.30366666666667,196.6,4.213333333333334,3.36,3.4599999999999995,63.19333333333333,211.49,134453.33333333334,10686.073,5738.266666666666,1643.13,875.593,1015340.6666666666,1224.1433333333334,73011222.39999999,172405324.60660663,98296703.3123077,8079254.082435326,76966076.8,2079036715.3333333,3115292400.0,8287054768.055645
2005-10-01,0.1236065573770491,0.0233333333333333,911.9225289622432,2781.0,660.3666666666667,3.0666666666666664,1.5951290322580645,16.344666666666665,174507.66666666666,4.966666666666667,164.29999999999998,4.8,6.681178336363466,1572.462,15041.232,2878.333333333333,79.26666666666667,61.4625582093736,216.17,1645.0454758709031,2.27,206.8698546819484,21496.81092277146,166255.48227063756,60493.66666666666,99.52570822993998,40.9,8955.266666666668,10928.066666666666,2068.6666666666665,4.8,1104.429,88.584,13324.204,87.99900000000001,198.4333333333333,4.489999999999999,3.826666666666666,3.98,59.99666666666667,215.94,134932.33333333334,10871.714,5814.766666666666,1668.669,890.206,1038959.0,1230.4666666666665,91262374.2,141804198.90690693,80849505.6646154,31067576.52892785,74242461.2,1761256938.9999995,3034112200.0,8258976456.923687
2006-01-01,-0.0275806451612903,-0.07,932.844352235993,2790.9666666666667,662.6999999999999,3.9,1.6740967741935484,17.37066666666667,178426.66666666666,4.733333333333333,162.76666666666668,4.633333333333333,6.390690853176651,1629.613,15244.088,2975.6666666666665,79.7,58.55898585320841,219.83,1587.60676104266,2.473333333333333,210.10856087572265,19759.97328055749,159949.8409500785,63385.66666666666,100.28093127260368,41.06666666666667,9100.166666666666,11147.933333333334,2120.333333333333,5.766666666666667,1172.707,89.204,13599.16,88.45633333333335,199.46666666666667,4.57,4.3933333333333335,4.456666666666667,63.27,219.14,135737.66666666666,11181.08,5971.366666666666,1735.308,896.218,1058565.6666666667,1283.04,52612817.2,364258950.9009009,207681834.1153846,6356495.035153474,78719207.53333335,1704193545.9999998,3227328300.0,8194415583.416389
2006-04-01,0.0747619047619047,-0.0333333333333333,932.582590644432,2798.433333333333,664.1666666666666,3.7,2.078079365079365,16.918666666666667,177543.66666666666,4.633333333333333,165.4,4.666666666666667,6.411485467774535,1643.106,15281.525,2983.6666666666665,79.7,67.28851741532388,223.6,1327.4936909817168,1.3233333333333333,212.23640739741376,22173.40450543832,163175.37206799892,63672.66666666666,99.68514138971184,41.2,9227.666666666666,11190.4,1855.0,6.266666666666667,1183.994,89.993,13753.424,89.23233333333333,201.26666666666665,5.07,4.703333333333333,4.906666666666667,70.41000000000001,220.68,136258.0,11336.306,6012.633333333334,1774.4,859.339,1069808.0,1281.7833333333335,122513861.8,7064955084.858859,4028076252.724615,338639199.1647183,88556504.1333334,2336507750.0,3404974300.0,9930009822.359676
2006-07-01,-0.0355555555555555,0.0566666666666666,934.4899239458232,2797.5,661.9666666666667,3.2,1.952564516129032,17.031333333333333,176974.0,4.633333333333334,166.70000000000002,4.666666666666667,6.453953477912588,1688.695,15304.517,3004.0,79.83333333333333,58.2265032114986,226.34,1223.9780634465667,1.1133333333333333,215.26756352040735,22356.042096131583,162801.38726520026,65094.0,99.79221944565376,41.23333333333333,9353.8,11212.733333333332,1702.3333333333333,6.9,1194.097,90.652,13870.188,89.87466666666667,203.16666666666663,4.8966666666666665,4.906666666666666,5.246666666666667,70.41666666666667,221.04,136685.66666666666,11435.665,6061.900000000001,1815.947,814.718,1074451.0,1288.3766666666668,85873279.8,145075904.29870132,84151720.82769231,17506688.73945236,83374287.2,2033734631.3333333,3447717700.0,8948784412.284338
2006-10-01,-0.1069354838709677,-0.0566666666666666,940.5425203212192,2798.566666666667,662.4666666666667,3.4333333333333336,1.585532258064516,16.87633333333333,178162.33333333334,4.433333333333334,164.13333333333333,4.5,6.182708970291703,1623.644,15433.643,3052.333333333333,80.06666666666666,48.45322590751965,229.45,1017.2405746014388,1.4900000000000002,212.35156783419583,22287.878713336424,161384.66057887656,66303.66666666667,100.718143289312,41.1,9427.366666666669,11355.3,1570.0,6.8,1205.635,90.997,14039.56,89.726,202.3333333333333,4.63,4.903333333333333,5.246666666666667,59.97666666666667,222.1,137054.66666666666,11585.748,6181.066666666667,1849.549,782.381,1076955.6666666667,1389.4800000000002,76474728.0,737845971.6298702,427989806.5676923,42550362.562051095,81146893.26666667,1807128838.3333333,3284854500.0,8868229476.622185
2007-01-01,-0.0814516129032258,0.0566666666666666,974.270487970705,2804.1,663.9,3.5666666666666664,1.6753064516129033,16.834333333333333,178607.66666666666,4.5,166.70000000000002,4.3,6.155335430462015,1528.841,15478.956,3125.333333333333,80.2,55.49325802840854,231.45,1250.31894775968,1.403333333333333,213.777703980302,22405.613024859675,162552.10656805048,64942.0,100.66036674539669,41.06666666666666,9572.133333333331,11439.433333333334,1461.3333333333333,7.666666666666667,1240.061,91.908,14215.651,90.54633333333334,204.317,4.68,4.983333333333333,5.256666666666667,58.07666666666666,223.45,137609.33333333334,11824.073,6343.733333333334,1892.034,750.889,1095280.6666666667,1425.3033333333333,44389382.2,706444391.0519482,409775223.96615386,-12051216.484036231,78940699.73333335,1624893552.0000002,3265883000.0,9450056707.178167
2007-04-01,0.04234375,0.01,972.32951096227,2806.1,661.6999999999999,3.633333333333333,2.1813333333333333,16.485,178301.0,4.5,172.83333333333334,4.3,6.304374156607259,1592.967,15577.779,3191.333333333333,79.96666666666667,51.65664452748553,232.47,1113.4491840023531,1.7,215.9333648717584,22538.29435032545,161924.65702835837,65322.333333333336,100.13718162020866,41.3,9678.733333333332,11491.333333333334,1451.0,7.8,1256.721,92.491,14402.082,91.315,206.631,4.846666666666667,4.736666666666667,5.25,64.97666666666667,222.87,137968.0,11988.702,6370.333333333333,1937.718,719.274,1122932.0,1496.3233333333335,122344126.6,6640964252.980519,3852111572.524615,309604898.72748154,87577028.53333333,1778549113.3333335,3258769400.0,9632081717.660105
2007-07-01,0.3476190476190476,0.1133333333333333,966.943302944204,2811.5333333333333,663.7666666666667,3.2,2.0777619047619047,16.249333333333336,178552.33333333334,4.666666666666667,173.66666666666666,4.433333333333334,6.323999645096131,1525.889,15671.605,3202.333333333333,79.76666666666667,59.15408068900785,232.82,1126.8002868933115,1.3666666666666665,217.66113312837828,22844.23927041798,163059.4749222636,65520.0,99.80364272765549,41.3,9798.366666666669,11511.233333333332,1289.0,8.9,1270.244,92.882,14564.117,91.83133333333332,207.939,4.73,4.303333333333334,5.073333333333333,75.46666666666667,220.03,138049.33333333334,12069.234,6397.566666666667,1967.377,673.671,1131085.6666666667,1490.8166666666666,87728747.6,245178182.86219075,161361455.23255813,-78675239.47852668,86781412.00000001,1933244250.3333333,3397387500.0,9300586532.733702
2007-10-01,0.7769354838709678,0.2766666666666666,976.496731387718,2814.8,662.4333333333333,3.0,2.302859375,16.279666666666667,178705.33333333334,4.8,177.4333333333333,4.6,6.420430845074879,1484.999,15767.146,3191.0,79.66666666666667,85.07766882790534,233.25,952.1572842466594,1.4633333333333336,219.80220551073623,23568.27009541933,166602.83829248283,66178.66666666667,98.95124526604586,41.2,9937.133333333331,11529.333333333334,1166.0,9.166666666666666,1286.336,93.332,14715.058,92.765,210.4896666666667,4.260000000000001,3.39,4.496666666666667,90.75333333333332,216.05,138283.33333333334,12203.422,6473.900000000001,1997.123,618.156,1163534.3333333333,1494.09,83333363.39999999,-62225249.64664302,-40952896.86046506,59645793.16577969,85783674.2,1501329293.3333333,3348351400.0,9290250927.56399
2008-01-01,1.6359016393442625,0.4333333333333333,995.561909646508,2818.4,661.5666666666667,3.4,2.405131147540984,15.436666666666667,175436.33333333334,5.0,183.86666666666667,4.7,6.633619634327623,1388.425,15702.906,3203.0,79.89999999999999,138.05487097487062,234.22,1002.0389604115126,1.14,221.32021487646296,22634.460343343137,171059.50260144562,67167.33333333333,98.10198265236704,41.2,10004.466666666667,11548.766666666668,1064.0,9.833333333333334,1321.912,93.735,14706.538,93.51966666666668,212.76966666666667,3.6633333333333336,2.043333333333333,3.1766666666666663,97.93666666666668,211.06,138334.0,12335.319,6539.400000000001,2013.699,566.675,1177970.6666666667,1350.1899999999998,41132317.99999999,789692995.2296817,519728180.5813952,18476994.05149209,79148455.06666666,1226368358.6666667,3504088300.0,10141119863.734756
2008-04-01,1.46515625,0.6766666666666667,995.888650266458,2816.066666666667,664.1999999999999,5.1000000000000005,3.04628125,14.559666666666669,173996.33333333334,5.333333333333333,196.0,4.966666666666666,6.804422955614197,1364.634,15792.773,3271.6666666666665,79.5,100.71858448647843,231.77,961.2219669957116,-0.41,225.82888367003335,24496.026852075665,182942.4786010083,68523.33333333333,96.73416933873725,41.1,10129.9,11772.3,1010.6666666666666,10.566666666666666,1657.029,94.075,14865.701,94.43066666666668,215.5376666666667,3.8866666666666654,1.6266666666666667,2.0866666666666664,123.95333333333332,205.15,137860.0,12669.427,6532.666666666667,2024.039,538.808,1208120.6666666667,1371.6466666666668,147479253.8,6073828287.102473,3997426523.8372097,325498224.63693666,113381010.60000008,1473994677.6666672,3477688100.0,9030358689.95869
2008-07-01,1.5021875,1.1133333333333333,997.29876340378,2804.2666666666664,664.9,3.9333333333333336,2.95303125,13.362,169674.0,6.0,200.46666666666667,5.5,7.169226193736243,1372.569,15709.562,3335.0,78.93333333333334,108.028622433115,228.62,720.5760610099243,-1.72,227.3166078144438,25577.80032271284,192258.86453927835,65950.66666666667,96.9443508952905,40.8,10159.066666666668,11537.466666666667,862.3333333333334,10.9,1445.274,94.804,14898.999,95.438,218.861,3.863333333333333,1.4933333333333332,1.94,118.05,199.99,137152.33333333334,12508.636,6547.133333333334,2007.007,507.06,1191977.6666666667,1251.9166666666667,83847267.79999998,154085110.42402825,101409502.90697674,-7559939.546427103,82073177.64999999,1469144388.0,3469565500.0,9960426687.366491
2008-10-01,2.0191935483870966,1.7566666666666666,995.305970456635,2783.0,663.2333333333333,5.9,1.399765625,10.614,159650.66666666666,6.866666666666667,178.03333333333333,6.333333333333333,7.778109627524548,1017.766,15366.607,3333.6666666666665,78.03333333333333,224.04473012538168,228.09,633.2486275865864,-4.56,222.5575919899981,30987.632649927444,229636.7557784469,58533.66666666666,96.5219305604538,40.13333333333333,9906.933333333334,11661.966666666667,663.0,11.4,1428.743,94.975,14608.208,93.91433333333332,213.84866666666667,3.2533333333333334,0.2966666666666667,0.5066666666666667,58.34666666666666,194.18,135552.0,12396.851,6517.166666666667,1918.738,451.391,1049559.0,909.7999999999998,128841580.0,386613402.47349817,254445564.8837209,48720179.57721359,82065678.15,853842126.0000001,3153185200.0,9701612908.547
2009-01-01,1.8319672131147544,2.7566666666666664,984.479584011824,2745.866666666667,659.2333333333333,5.9,1.219016393442623,9.585666666666668,157308.0,8.266666666666667,169.53333333333333,7.466666666666666,9.12113852834168,1255.059,15187.475,3337.6666666666665,76.63333333333334,211.52010903647704,229.65,395.935125160392,-6.3933333333333335,220.58405535105683,37619.51084874866,313485.1984955252,49649.0,96.48580401641983,39.53333333333333,9814.966666666667,11636.7,525.6666666666666,11.233333333333334,1521.763,95.001,14430.901,93.27966666666669,212.37766666666667,2.736666666666667,0.2133333333333333,0.1833333333333333,42.91333333333333,193.02,133293.0,12057.035,6225.566666666667,1761.401,404.473,973261.0,809.3133333333334,49512398.8,858068163.2508833,564728581.8604652,-27252515.82969528,83437230.55,720923405.6666667,3318765400.0,9971764908.190048
2009-04-01,2.303174603174603,3.72,996.97742121551,2710.4,650.5333333333333,6.9,1.6615079365079364,9.901333333333334,156976.0,9.3,171.33333333333334,8.200000000000001,9.619456760504674,1283.76,15161.772,3329.6666666666665,76.0,137.3183867034571,225.8,524.2306770335254,-3.563333333333333,222.63234812038868,39374.8493363774,368363.04879243294,48760.333333333336,97.44355427580894,39.46666666666667,9805.5,11699.266666666668,534.3333333333334,9.5,1648.049,94.87,14381.236,93.65066666666668,213.507,3.313333333333334,0.1733333333333333,0.18,59.44,190.26,131433.33333333334,12087.321,6254.466666666667,1684.966,374.685,964281.3333333334,892.2266666666666,165384392.6,5420572261.837455,3567492907.209302,329441369.58981705,99700037.05,793856427.6666666,2881672900.0,9096794496.782396
2009-07-01,2.4878125,3.68,999.090738192742,2693.266666666667,650.5666666666666,5.2,1.81884375,11.951666666666668,158769.0,9.633333333333333,173.86666666666667,8.533333333333333,9.961164460808073,1456.491,15216.647,3363.6666666666665,75.5,74.36139916154329,221.45,594.97857386337,-1.3833333333333335,224.84825751012096,35484.90174317698,338071.4894070576,51306.0,97.74479185699936,39.96666666666667,9939.4,11557.366666666669,588.3333333333334,7.733333333333333,1634.478,94.928,14448.882,94.296,215.344,3.516666666666667,0.1566666666666666,0.1566666666666666,68.20333333333333,189.4,130465.66666666669,12033.275,6237.233333333334,1656.037,389.385,993461.6666666666,996.7,94980555.8,183510558.12720847,120775553.37209302,9540245.188639008,89783093.64999999,1014388102.0,3176166400.0,9477098166.300228
2009-10-01,2.586129032258065,3.37,1033.87097434728,2689.633333333333,650.5666666666667,5.466666666666666,1.940578125,10.967,158518.0,9.933333333333334,176.9,8.700000000000001,9.895429710502444,1551.867,15379.155,3390.6666666666665,75.0,121.2767546313765,221.06,715.8816267693273,-0.0466666666666666,225.71215611029663,31876.601366190724,296038.3146485311,53121.66666666666,97.99405439276568,40.43333333333334,10005.0,11579.7,567.6666666666666,7.666666666666667,1653.906,95.277,14651.248,95.02366666666668,217.03,3.4599999999999995,0.0566666666666666,0.12,76.06,189.25,129963.33333333331,12144.02,6279.166666666667,1659.323,391.472,1025838.0,1088.7033333333334,110123840.4,174118675.0883392,114594383.8372093,29679296.64038902,87456284.89999999,1017938792.3333334,3557288500.0,9590725398.92546
2010-01-01,2.8001639344262297,2.043333333333333,985.9278855928,2682.866666666667,651.6333333333333,5.7,2.062098360655737,10.993333333333334,160589.33333333334,9.833333333333334,182.0666666666667,8.866666666666667,10.408261830190767,1642.573,15456.059,3428.6666666666665,75.1,134.99168183905445,219.93,629.4670902731231,0.5966666666666667,226.88858531082428,29752.84612199656,286026.33117311815,54102.0,98.33824224919526,40.766666666666666,10101.833333333334,11667.433333333334,618.0,7.833333333333333,1753.492,95.518,14764.611,95.391,217.374,3.716666666666667,0.1066666666666666,0.1333333333333333,78.64,187.51,129789.0,12321.196,6233.266666666666,1659.963,379.435,1056050.3333333333,1121.5966666666666,49054115.2,782405021.2014134,514931676.7441861,62462156.1396535,78151103.6,772089709.3333334,2856583150.0,10422788756.088718
2010-04-01,2.619375,0.81,1016.19429150408,2699.8,657.9666666666667,6.466666666666666,2.0869047619047616,11.694,163444.0,9.633333333333333,184.2333333333333,8.766666666666667,10.272504297972237,1640.77,15605.628,3445.0,75.23333333333333,131.5376574587226,219.32,573.9779110957713,3.22,227.7864790591528,28183.89850858352,272838.69009849,56383.333333333336,98.29861091634108,41.16666666666666,10208.133333333331,11860.9,602.0,7.933333333333334,1755.667,95.963,14980.193,95.53866666666666,217.2973333333333,3.49,0.1466666666666666,0.1933333333333333,77.79,186.6,130423.66666666669,12544.653,6360.7,1715.746,396.341,1078095.3333333333,1135.246666666667,182849017.40000004,5303483803.003535,3490432363.372094,335634732.9778066,90495734.55,1170101077.0000002,4132387750.0,9432463116.326324
2010-07-01,2.24578125,0.0533333333333333,1034.05936275793,2697.566666666667,658.0666666666666,6.466666666666666,1.9685625,11.961333333333334,163825.0,9.466666666666669,184.63333333333333,8.5,10.153950679134454,1802.818,15726.282,3445.6666666666665,75.06666666666666,152.27002429751766,221.18,717.988616974976,1.91,227.2058959096126,26818.089022226468,259906.42780740376,58277.333333333336,97.77868609413322,41.26666666666667,10300.766666666668,11936.633333333331,579.6666666666666,8.433333333333334,1758.839,96.312,15141.605,95.723,217.9343333333333,2.786666666666666,0.1566666666666666,0.1866666666666666,76.05333333333333,183.55,130402.0,12682.015,6422.5,1762.364,361.234,1091219.3333333333,1096.3866666666663,84909266.19999999,140091548.8621908,87471592.61395349,-57148344.85700109,88863906.05,1333819040.3333335,3278186950.0,9651397347.401949
2010-10-01,2.391290322580645,0.1,1049.48347908714,2701.4,661.7333333333332,6.3,2.267765625,12.439666666666668,166894.0,9.5,188.0,8.5,10.221822894396649,1828.806,15807.995,3477.6666666666665,74.93333333333334,192.9411712187846,220.39,514.6898042035133,1.8033333333333328,229.05486359906632,26039.532377970696,238348.3842999064,59941.0,98.0616743883388,41.266666666666666,10430.333333333334,11980.333333333334,542.3333333333334,7.8,1761.941,96.864,15309.471,96.33566666666668,219.699,2.8633333333333333,0.1366666666666667,0.1866666666666666,85.09666666666668,181.69,130732.33333333331,12830.203,6473.599999999999,1801.85,369.289,1129878.3333333333,1204.0,80540685.6,309142522.6431095,193025125.4976744,31459098.716680247,88213384.7,892511656.0,2965521800.0,9943916146.50091
2011-01-01,2.763709677419355,-0.21,1022.52810718111,2706.0666666666666,662.4,6.9,2.6261451612903226,13.048666666666668,168983.33333333334,9.033333333333331,195.9,8.366666666666667,10.20511465370114,1670.354,15769.911,3488.0,75.2,141.7466104519253,215.7,557.9170014224683,2.06,231.4897534980112,25737.01641303472,235454.44815270463,60846.0,98.32896966882129,41.266666666666666,10558.2,12094.9,582.3333333333334,7.533333333333334,1768.605,97.339,15351.444,97.14533333333333,222.04366666666667,3.4600000000000004,0.1266666666666666,0.1566666666666666,93.53666666666668,177.71,131060.66666666669,13175.888,6577.3,1805.118,368.767,1179149.0,1302.743333333333,59998128.2,1043655334.855124,651646691.1906978,28546540.28834799,80177019.25,716436137.0,3012344150.0,10948031552.286726
2011-04-01,2.63984126984127,0.09,1041.8977009516,2708.6666666666665,662.9666666666667,6.6000000000000005,3.006650793650794,12.497333333333332,169790.0,9.066666666666666,203.7,8.366666666666667,10.325316038212188,1791.751,15876.839,3490.6666666666665,75.10000000000001,133.5770870549907,211.11,530.087082146942,1.58,233.73017298005436,26080.17981780623,232252.3820069209,63008.0,97.9507585512287,41.4,10673.033333333333,12064.133333333331,574.3333333333334,6.633333333333333,1777.438,98.042,15557.535,98.1,224.56833333333336,3.2099999999999995,0.0466666666666666,0.0933333333333333,102.23,176.22,131748.0,13280.594,6608.2,1862.009,374.296,1202073.6666666667,1319.0366666666666,189885785.8,5433292478.996466,3392486913.9875965,205336130.8330407,93110157.25,945349941.6666672,2973183600.0,9288914957.66838
2011-07-01,2.135,0.22,1084.28126476277,2703.9666666666667,658.6666666666666,6.766666666666667,2.8711875,12.893333333333333,170262.33333333334,9.0,203.8333333333333,8.5,10.636958303603947,1818.485,15870.684,3552.6666666666665,75.0,194.16871713823508,212.55,526.5349681167087,1.663333333333333,234.95719551422712,26369.2755664427,228739.3203757837,64933.66666666666,96.72156189795444,41.36666666666667,10755.033333333333,12117.733333333332,619.3333333333334,6.5,1782.449,98.561,15647.681,98.55333333333331,226.03266666666664,2.4266666666666663,0.0233333333333333,0.0833333333333333,89.71666666666665,176.78,132160.66666666666,13413.773,6681.633333333334,1953.756,381.117,1216583.3333333333,1228.1266666666668,95252654.8,176402287.09540632,110143610.50542632,89894839.51974882,91749583.9,1198390926.0,3081367800.0,9891114659.276709
2011-10-01,1.7831147540983605,0.0,1034.89104711819,2703.6,658.0333333333333,6.866666666666667,2.6785873015873016,13.757,172222.66666666666,8.633333333333333,200.76666666666665,8.366666666666667,10.583213431191188,1958.506,16048.702,3573.6666666666665,75.2,145.35226988102244,212.79,769.213798317123,1.78,235.55101699175407,25488.45487669475,218308.48073877537,66989.33333333333,97.26109849260082,41.53333333333333,10809.166666666666,12152.3,671.6666666666666,5.666666666666667,1789.325,98.687,15842.267,98.879,227.0473333333333,2.0466666666666664,0.0133333333333333,0.0733333333333333,94.01333333333332,177.13,132717.33333333334,13486.908,6637.599999999999,2008.976,391.162,1232650.0,1225.6533333333334,59273952.4,158119070.00706717,98727774.71937989,26192084.865067184,85866971.54999998,853114065.0,3064864400.0,10123366546.217144
2012-01-01,1.750483870967742,-0.1433333333333333,1081.8608147807402,2716.9,661.1999999999999,7.933333333333333,3.0161935483870965,14.654666666666666,174848.0,8.266666666666667,202.16666666666663,8.266666666666667,10.57383459924782,2025.579,16179.968,3656.0,75.56666666666666,131.4601830835209,211.93,746.542728816156,1.89,236.4613520698708,22440.00204891106,209714.1827069752,69027.33333333333,98.54919904296553,41.7,10959.3,12375.666666666666,707.3333333333334,5.0,1772.942,99.277,16068.824,99.53433333333334,228.326,2.036666666666666,0.0666666666666666,0.1033333333333333,102.87666666666668,177.87,133504.66666666666,13786.257,6836.3,2073.366,414.107,1262969.6666666667,1347.4366666666667,73738955.19999997,1058847344.1413426,661132411.4790696,25891200.714921974,83449442.39999999,890218488.3333334,3175052150.0,10599027135.765028
2012-04-01,1.53625,-0.0333333333333333,1062.78982734539,2715.633333333333,662.2333333333332,8.566666666666666,2.8897301587301585,14.577333333333334,174112.66666666666,8.2,201.8,8.433333333333334,10.70165451158293,2006.916,16253.726,3702.3333333333335,75.66666666666667,149.30160657942469,209.88,751.5794327318787,1.0433333333333332,237.4872105007472,25196.424077170675,211284.99297701995,67943.33333333333,98.65589335443237,41.66666666666666,11005.033333333333,12486.433333333334,739.3333333333334,4.8,1777.473,99.69,16207.13,99.77466666666668,228.808,1.8233333333333333,0.0866666666666666,0.1533333333333333,93.42666666666666,180.73,133925.0,13945.868,6875.966666666667,2126.171,419.287,1259174.6666666667,1350.3933333333334,209950052.2,5761429758.247351,3597372152.570543,300208109.3157465,86226380.44999999,1037093049.666667,3354873700.0,11506881596.872362
2012-07-01,1.383492063492063,0.0,1068.84703117272,2722.333333333333,663.5,7.833333333333333,3.0056349206349204,14.641,174812.66666666666,8.033333333333333,202.4,8.4,10.702665924791072,1985.426,16282.151,3640.3333333333335,75.76666666666667,137.6298110171067,210.54,815.891072706976,2.356666666666667,238.43126378399327,23684.082007529283,206132.0864048991,64330.333333333336,98.64687527383217,41.56666666666667,11059.366666666669,12404.733333333332,780.3333333333334,4.566666666666666,1783.562,100.304,16319.54,100.06466666666668,229.841,1.643333333333333,0.1033333333333333,0.1433333333333333,92.18,182.95,134336.0,13922.653,6906.066666666667,2125.95,433.74,1261210.0,1402.2166666666665,93860189.4,167675860.42402828,104694927.51937984,3410400.9169460693,89879144.39999999,1056298608.0,3262276400.0,10169043413.055182
2012-10-01,1.4395081967213117,-0.0866666666666666,1085.69865512128,2729.4666666666667,664.9,9.933333333333332,2.845828125,15.249333333333333,176045.33333333334,7.8,202.26666666666665,8.233333333333333,10.61734775383,1971.737,16300.035,3759.0,75.96666666666665,180.1239319512353,211.76,658.162008195319,2.08,240.12576707224736,27114.948727768347,202879.06986706055,66346.66666666667,99.00162411212716,41.56666666666667,11165.666666666666,12750.9,908.0,4.666666666666667,1793.357,100.73,16420.386,100.62633333333332,231.3693333333333,1.7066666666666668,0.0866666666666666,0.16,87.96,185.7,134860.66666666666,14402.576,7094.133333333334,2148.622,460.926,1280714.0,1418.2066666666667,45739817.6,362605658.4028269,226406908.11782944,33503488.666011985,90592168.4,1271128518.3333335,3121663650.0,10699211931.215172
2013-01-01,1.6881666666666666,-0.0333333333333333,1076.39705384944,2738.6666666666665,666.8666666666667,5.8,2.93625,15.798333333333334,178493.0,7.733333333333333,203.6,8.066666666666666,10.597264495448742,1983.475,16441.485,3765.0,75.73333333333333,171.80719015383616,211.35,1008.3365347877996,2.6333333333333333,240.76630543720944,22225.51210775902,193559.61194431575,67407.66666666667,98.72300559786076,41.833333333333336,11265.6,12248.633333333331,953.3333333333334,4.1000000000000005,1817.32,101.124,16629.05,100.98866666666667,232.2993333333333,1.95,0.0866666666666666,0.1433333333333333,94.33666666666666,189.5,135494.66666666666,14019.508,7043.866666666666,2170.89,485.076,1300184.3333333333,1514.513333333333,50263328.4,1023405428.5229682,639002876.688372,34120810.768014975,84480195.05,1242125526.9999995,3214024400.0,11163213267.017796
2013-04-01,1.71609375,-0.0533333333333333,1090.22786021748,2740.433333333333,665.5333333333333,6.366666666666667,2.729125,15.948,178417.66666666666,7.533333333333334,203.96666666666667,7.8,10.044277687996852,2000.232,16464.402,3766.6666666666665,75.89999999999999,98.4598588731883,212.6,821.4555217042983,2.03,240.41040618157427,22383.3888641562,180995.87482966093,68727.33333333333,99.4225004670786,41.766666666666666,11290.966666666667,12339.766666666668,868.0,4.366666666666666,1815.49,101.428,16699.551,101.06066666666668,232.045,1.9966666666666668,0.0499999999999999,0.1166666666666666,94.1,193.36,136079.33333333334,14152.967,7102.966666666667,2180.344,507.175,1295361.6666666667,1609.7699999999998,191754820.0,6731606530.035336,4203139652.7131786,554723136.6179914,94002060.0,1362704400.0,3279527050.0,11052682698.653383
2013-07-01,2.340625,-0.0866666666666666,1079.19204458821,2744.0333333333333,665.6666666666666,6.4,2.8871875,15.901666666666666,179160.0,7.233333333333333,204.16666666666663,7.5,9.83385778480289,2011.148,16594.743,3838.3333333333335,76.0,92.9697261633011,213.37,1056.5335788337832,2.766666666666667,241.17729269896603,22710.30016891039,177203.89886732434,66376.0,99.28880535467876,41.8,11379.2,12387.233333333332,882.3333333333334,5.466666666666666,1823.248,101.973,16911.068,101.47133333333332,233.3,2.7100000000000004,0.0333333333333333,0.0833333333333333,105.84333333333332,196.43,136609.66666666666,14244.127,7112.833333333333,2220.723,523.058,1306148.3333333333,1675.3133333333335,106390187.4,304192806.7279152,190525354.66251943,25230253.855620425,90422897.35,1361981921.0000002,3331481450.0,10359040354.534056
2013-10-01,2.416935483870968,-0.1,1086.67598448586,2748.6,665.8333333333334,5.933333333333334,2.698125,15.880333333333336,179799.66666666666,6.933333333333334,201.9,7.066666666666666,9.461356468824164,2047.926,16712.76,3843.6666666666665,75.93333333333332,106.34063148645384,213.26,937.285627029164,2.356666666666667,241.8297973675828,23953.46785704003,174533.41117428264,66962.33333333333,98.83618766160834,41.93333333333333,11518.366666666669,12424.666666666666,1009.0,5.033333333333334,1830.054,102.55,17133.114,101.89566666666668,234.1626666666667,2.7466666666666666,0.0633333333333333,0.0866666666666666,97.34333333333332,198.33,137239.0,14358.025,7196.333333333333,2274.02,524.645,1323470.0,1770.45,66084732.6,384605899.9858657,240890559.80093315,26563216.973748904,93522162.65,1200219912.3333333,3244106400.0,10838423751.9705
2014-01-01,2.3906557377049182,-0.1,1111.9368601733802,2753.7666666666664,668.2666666666667,6.666666666666667,2.738688524590164,16.197333333333333,180191.3333333333,6.666666666666667,205.5,6.7,8.946130446832328,1967.44,16654.247,3880.6666666666665,76.43333333333334,87.6687497381789,214.45,951.6329938691692,2.6966666666666668,243.30973630287852,21345.41046226713,180384.49542309687,67945.0,99.34479255449638,41.73333333333333,11618.1,12580.466666666667,934.0,5.333333333333333,1848.11,102.965,17144.281,102.38633333333333,235.621,2.763333333333333,0.0466666666666666,0.0733333333333333,98.74666666666668,200.8,137743.33333333334,14625.084,7358.599999999999,2314.877,532.086,1329874.3333333333,1834.3066666666664,67750207.39999998,1197881991.3498237,750270506.724728,15445038.679851845,87797020.29999998,1335517902.3333333,3341777250.0,11848552735.773497
2014-04-01,2.2014285714285715,-0.1433333333333333,1101.5562720110902,2770.1,671.5333333333333,7.033333333333334,2.884873015873016,17.116,183459.66666666663,6.2,208.2,6.4,8.444464212942693,2138.262,16868.109,3937.3333333333335,76.60000000000001,77.16358843001603,216.19,1146.2856262664,3.64,243.9518177662096,20742.63063402089,167460.95353862343,67343.33333333333,99.45387734551944,42.03333333333333,11784.666666666666,12747.066666666666,987.0,5.533333333333334,1876.787,103.552,17462.703,102.89866666666668,236.87233333333333,2.623333333333333,0.0333333333333333,0.0933333333333333,103.34666666666668,202.58,138547.0,14874.611,7409.366666666666,2383.61,550.424,1352172.6666666667,1900.3733333333328,159246158.79999995,6596028620.4947,4131296547.744946,412049942.6857403,96876855.0,1704532700.0,3235107000.0,11382922285.947975
2014-07-01,1.98453125,-0.0566666666666666,1099.01481995597,2780.5333333333333,676.3333333333334,7.133333333333333,2.743765625,17.158333333333335,184523.3333333333,6.066666666666666,207.13333333333333,6.1000000000000005,7.923980210326636,2190.985,17064.616,3969.6666666666665,76.8,59.925257777414416,217.67,1100.56516565145,3.1466666666666665,244.4700539730362,19533.28183712421,153684.33325104113,68637.0,99.56412464273906,42.06666666666667,11934.3,12890.066666666666,1030.6666666666667,5.666666666666667,1890.476,104.029,17743.227,103.19,237.47833333333327,2.4966666666666666,0.0266666666666666,0.09,97.78000000000002,204.79,139297.33333333334,15099.486,7503.0,2439.762,568.419,1359699.3333333333,1975.9533333333327,112624720.0,332357761.1307421,208815439.62558505,-16438993.176801242,94071920.0,1756737133.3333335,3333417805.0,10994639028.737986
2014-10-01,1.7393548387096776,-0.11,1120.20422223078,2795.066666666667,680.1333333333333,7.366666666666667,2.08334375,16.961000000000002,185780.66666666663,5.7,200.4333333333333,5.833333333333333,7.599149326899664,2184.175,17141.235,3999.6666666666665,76.96666666666667,56.79369077075911,219.09,1120.8385710883265,2.93,244.5709252237448,20278.386139280727,146543.11321199904,65124.66666666666,100.459207658232,42.13333333333333,12053.833333333334,13069.533333333333,1049.3333333333333,5.366666666666667,1908.96,104.104,17852.54,103.07166666666669,236.8883333333333,2.28,0.0233333333333333,0.0999999999999999,73.16000000000001,207.49,140101.33333333334,15307.118,7634.3,2461.978,589.694,1340679.0,2012.0366666666664,60657780.0,214019395.05300352,134465203.74414977,33177234.733333606,95159715.0,1676692833.3333335,3269064470.4999995,11392341555.657265
2015-01-01,1.3642622950819672,-0.0433333333333333,1121.55211112979,2796.933333333333,681.5333333333333,7.933333333333334,1.5408688524590164,17.233666666666664,186139.0,5.533333333333334,191.53333333333333,5.7,7.506993446544842,2121.341,17280.647,4052.0,77.13333333333333,67.96538166897568,221.62,778.9227820571783,2.223333333333333,243.36272691517692,20666.180788153702,146529.71416246647,64548.0,101.125645568521,41.93333333333333,12083.933333333334,13243.4,977.0,4.8,1945.497,104.092,17991.348,102.64333333333332,235.355,1.9666666666666668,0.0266666666666666,0.11,48.54,210.31,140772.33333333334,15497.731,7746.2,2464.267,605.135,1299231.6666666667,2063.4566666666665,68757860.0,1694014436.749117,1064324082.9953196,69758880.46295232,90652400.0,1225673166.6666667,3345589015.5,12253694732.054169
2015-04-01,1.55171875,-0.0566666666666666,1133.93289644009,2814.9,684.1666666666666,7.5,1.9131428571428573,17.838333333333335,187944.0,5.433333333333334,193.03333333333333,5.6000000000000005,7.432372747291144,2108.776,17380.875,4078.6666666666665,77.26666666666667,70.66576058023092,223.73,1164.21447460906,3.73,243.86659017903472,19538.99260253899,140651.1009192486,63538.333333333336,100.94386457558169,41.8,12224.733333333332,13280.066666666666,1158.0,5.1000000000000005,1966.58,104.683,18193.707,103.14066666666668,236.96,2.1666666666666665,0.02,0.1233333333333333,57.84666666666667,213.01,141472.66666666666,15639.877,7830.8,2472.522,623.298,1312739.3333333333,2102.03,138054260.0,5811980723.674912,3651581072.6989074,449607901.0621584,110819655.0,2119907933.3333333,3774470300.0,12075795392.230074
2015-07-01,1.530625,-0.0766666666666666,1127.62380533271,2822.9,684.0,7.333333333333333,1.6475,18.328333333333333,189041.0,5.1000000000000005,191.63333333333333,5.4,7.077841812556449,2066.274,17437.08,4118.0,77.2,83.14858416544425,224.23,1215.6369294939766,2.98,243.7589519103581,19428.288895144065,142637.52663365475,63487.333333333336,100.601056795027,41.766666666666666,12347.733333333332,13357.0,1166.6666666666667,5.366666666666667,1977.646,104.939,18306.96,103.39066666666668,237.855,2.22,0.04,0.1366666666666667,46.41666666666666,215.7,142136.0,15756.951,7902.966666666667,2479.159,645.715,1309883.3333333333,2026.14,110498400.0,333603096.819788,210253883.88106412,-28482265.82256977,99730515.55555557,2228381133.333333,3642768008.0,11714948148.525167
2015-10-01,1.352258064516129,-0.0533333333333333,1179.80445706215,2835.6666666666665,687.6,7.399999999999999,1.3490625,18.028,188806.66666666663,5.033333333333333,185.5666666666667,5.133333333333333,6.922416136664214,1945.531,17462.579,4133.0,77.33333333333333,62.55183421979597,223.86,1135.5288355242476,2.75,243.6468763241867,19222.9537455616,141600.35125767742,61755.0,100.56005310266134,41.8,12397.533333333333,13439.833333333334,1125.3333333333333,5.4,1989.741,104.932,18332.079,103.288,237.837,2.19,0.1233333333333333,0.16,41.95,218.77,142836.0,15846.354,7957.966666666667,2450.273,661.136,1290395.0,2053.17,61248940.0,678236257.2438163,427459482.94209707,68433628.41967322,98437320.0,1818744100.0,3438320623.0000005,11454737334.767942
2016-01-01,1.078032786885246,-0.02,1098.04769116084,2842.133333333333,691.1999999999999,7.5,1.12572131147541,17.813333333333333,189450.3333333333,4.9,182.0,5.033333333333333,6.727462281550676,2039.957,17565.465,4148.666666666667,77.8,66.97950873001214,225.96,1002.679536562096,2.276666666666667,244.16074158391385,19526.673488050576,142047.07325211974,61116.66666666666,100.64534919700934,41.833333333333336,12495.066666666666,13541.633333333331,1142.6666666666667,5.533333333333334,2006.246,104.873,18425.306,103.343,237.6893333333333,1.92,0.2866666666666667,0.36,33.18333333333333,221.54,143425.33333333334,15918.581,7992.733333333334,2435.522,684.351,1270506.3333333333,1948.3233333333333,73445980.0,1418914371.731449,894273046.0093898,64541654.97510062,97761928.88888888,1959994633.3333333,3688830357.0,13547517047.819769
2016-04-01,0.97890625,-0.01,1143.0656809275,2857.366666666667,696.0333333333334,6.9,1.5055625,17.697,189987.3333333333,4.933333333333334,185.36666666666667,5.1,6.768941371685492,2003.168,17618.581,4228.333333333333,77.86666666666667,81.85632912589351,231.92,989.0867517286875,2.563333333333333,244.69372154499032,18939.778987544763,140361.9250023721,60013.333333333336,100.70762370400966,41.833333333333336,12637.366666666669,13519.533333333333,1171.3333333333333,5.133333333333333,2018.038,105.576,18611.617,103.99166666666667,239.5903333333333,1.7533333333333332,0.2566666666666666,0.3733333333333333,45.406666666666666,224.74,143964.33333333334,16002.071,8039.2,2454.062,694.126,1287116.3333333333,2074.9933333333333,142748709.39999998,6281937826.176678,3959201334.892019,749784572.5221739,115912565.0222222,1904437428.3333333,3782332777.0,11785125682.353523
2016-07-01,0.83625,0.0466666666666666,1184.48701442291,2876.7333333333336,702.5666666666666,6.8,1.38978125,17.99566666666667,190956.66666666663,4.9,187.0666666666667,5.1,6.71307574827482,2035.663,17724.489,4307.333333333333,77.96666666666667,78.38000587969749,235.63,983.5675593217652,3.0500000000000003,244.70676512216207,18129.05057185185,135617.30939984613,60310.66666666666,100.492819331306,41.9,12759.066666666666,13584.766666666668,1159.3333333333333,4.9,2029.109,105.894,18775.459,104.38233333333334,240.6073333333333,1.5633333333333332,0.2966666666666666,0.3966666666666666,44.85,228.13,144712.66666666666,16151.634,8119.333333333333,2481.588,700.727,1297304.3333333333,2159.18,113556590.60000002,241148079.1236745,152941340.79370052,-16034801.422527028,103196346.66666666,2044456819.6721315,3831640077.0,12388388520.398191
2016-10-01,1.1291803278688524,0.01,1147.98461573865,2881.2000000000003,702.9,6.8,1.538333333333333,18.01033333333333,191818.66666666663,4.766666666666667,187.0666666666667,4.966666666666667,6.577978174159084,2071.984,17812.56,4318.0,78.1,106.608082320405,235.73,1090.0413170374234,2.833333333333333,247.4489152836375,16941.535594172015,128853.049311584,59343.333333333336,100.88497464500834,41.93333333333333,12881.533333333333,13656.933333333334,1235.0,5.266666666666667,2043.499,106.47,18968.041,104.87633333333332,242.13466666666667,2.1300000000000003,0.43,0.45,49.13666666666666,231.69,145229.0,16315.282,8213.733333333334,2506.17,718.566,1316676.6666666667,2184.88,80956860.0,639454014.1342757,405555601.5748031,12702866.00814594,107633604.44444443,1953018918.0327868,3780485450.0,11872797341.275196
2017-01-01,1.202258064516129,0.0,1166.36645092635,2893.4666666666667,705.8666666666667,7.1000000000000005,1.5483387096774193,17.487666666666666,193999.0,4.566666666666666,191.26666666666665,4.8,6.445447206779504,2073.15,17896.623,4314.333333333333,78.33333333333333,117.4199848364988,238.12,1015.3494671832892,2.47,249.32405091113765,15978.787353503909,123650.3296066525,60872.333333333336,101.38988160450134,41.86666666666667,13046.466666666667,13795.233333333332,1217.0,5.233333333333333,2074.916,107.007,19153.912,105.45333333333332,243.83866666666663,2.4433333333333334,0.59,0.7000000000000001,51.76666666666667,234.68,145802.0,16552.018,8311.366666666667,2545.403,742.669,1340283.0,2323.9500000000003,78595100.0,1261939821.908127,800349598.7401574,125101354.022142,100323751.1111111,1792011278.6885247,3831468304.5,13948763586.836355
2017-04-01,0.9633333333333334,-0.0966666666666666,1165.4039155273,2902.7666666666664,707.4333333333334,7.5,1.5265238095238096,17.20266666666667,193833.66666666663,4.366666666666667,193.13333333333333,4.8,6.321330119506684,2095.936,17996.802,4369.333333333333,78.56666666666666,96.96962013940824,245.09,1273.4748384380634,2.1566666666666667,247.0710794468617,15761.275077498143,122341.4350677387,60988.0,101.230294408829,41.93333333333333,13144.4,13931.9,1184.0,5.266666666666667,2088.51,107.361,19322.92,105.751,244.12,2.263333333333333,0.89,0.95,48.24,238.84,146379.33333333334,16739.656,8402.533333333333,2579.691,756.667,1338556.3333333333,2396.2166666666667,138437376.4,5529313435.279152,3506810477.335433,808747935.8164176,115981200.4,2318389942.622951,4007271010.500001,13164796354.367117
2017-07-01,0.8787301587301587,-0.01,1166.66031630333,2907.9,710.0333333333333,7.5,1.7060967741935484,17.55033333333333,194655.3333333333,4.333333333333333,194.03333333333333,4.8,6.357992893916561,2152.99,18126.226,4392.333333333333,78.73333333333333,94.45880043485946,248.74,970.1494190513544,2.0166666666666666,248.2393484349356,15500.798661926032,120566.60375293484,62181.0,101.196890280389,41.96666666666667,13268.133333333331,14015.533333333333,1182.0,5.733333333333333,2106.808,107.942,19558.693,106.146,245.287,2.2433333333333336,1.0366666666666668,1.153333333333333,48.16333333333333,242.51,146897.66666666666,16932.377,8518.5,2592.721,761.476,1356735.0,2467.72,112404803.6,381360490.219081,231585137.1968252,1340635.6230697185,102839497.77777778,2844452967.741936,4125187050.0,12938252687.002432
2017-10-01,0.6770967741935483,-0.0666666666666666,1182.74412235053,2919.4666666666667,714.5666666666666,7.0,1.7667301587301587,18.01633333333333,197930.3333333333,4.166666666666667,195.7,4.7,6.313548862509116,2193.363,18296.685,4482.0,78.86666666666667,82.92347151687547,248.42,1187.00652455647,2.606666666666667,249.56137984926505,16000.839238880832,120088.44641470556,63761.0,101.43754199165932,41.93333333333333,13497.433333333334,14084.2,1235.6666666666667,5.3,2124.902,108.658,19882.965,106.85566666666666,247.2383333333333,2.37,1.2066666666666668,1.2033333333333334,55.36666666666667,246.07,147345.0,17176.721,8666.366666666667,2648.621,780.365,1402791.6666666667,2604.9833333333336,84486900.0,419800388.69257945,254928166.66666663,46124345.62551779,105832355.55555557,2515776870.967742,3957756350.0,12932860469.66295
2018-01-01,0.5980327868852459,0.0,1203.02654597496,2925.933333333333,718.6999999999999,7.533333333333334,1.8511803278688523,17.563333333333333,197816.0,4.033333333333333,198.8333333333333,4.533333333333333,6.089942289218434,2240.135,18436.262,4527.666666666667,79.13333333333334,81.17494289288489,253.41,1000.8843633025956,2.333333333333333,250.3549300786786,15128.40318176008,116885.7833761939,64382.0,101.55365217536298,42.06666666666667,13667.433333333334,14253.266666666668,1301.3333333333333,5.566666666666666,2172.925,109.312,20143.716,107.55733333333336,249.2543333333333,2.76,1.5599999999999998,1.4466666666666663,62.88666666666666,250.72,148005.0,17406.059,8762.333333333334,2715.976,789.011,1413752.3333333333,2732.5766666666664,104339360.0,1288383042.4028268,782384046.8253968,162509621.10126823,101366760.0,2611533419.354839,4111294250.0,14497862985.775805
2018-04-01,0.44359375,-0.0666666666666666,1194.78309595064,2936.133333333333,723.6333333333333,7.5,2.05290625,17.694999999999997,198721.0,3.9333333333333336,202.5666666666667,4.366666666666667,5.879502590287855,2264.356,18590.004,4564.333333333333,79.33333333333333,96.4003920808944,258.81,1121.0454469744172,2.5033333333333334,250.9940079610717,14636.287733706422,112870.68009306196,66623.33333333333,101.547586544595,42.16666666666666,13864.766666666668,14372.966666666667,1281.0,5.6000000000000005,2186.769,110.156,20492.492,108.184,250.681,2.92,1.84,1.7366666666666666,68.03333333333335,253.93,148751.0,17598.479,8842.9,2770.051,808.928,1437972.6666666667,2703.1566666666663,158167903.99999997,6422055777.031802,3899860385.0,804226863.1433427,118727852.84444444,2722328486.129032,3746756150.0,14621548958.718576
2018-07-01,0.2579365079365079,-0.0133333333333333,1197.15877395454,2943.933333333333,728.0333333333333,7.599999999999999,2.0793650793650795,17.56866666666667,199338.3333333333,3.766666666666667,203.76666666666665,4.166666666666667,5.619316151346531,2320.271,18679.599,4595.333333333333,79.43333333333334,93.27713173123703,261.73,1138.2926801322635,2.69,252.86344493560907,14324.8694455748,110481.5110831677,67601.0,101.48005873459134,42.16666666666666,14002.6,14491.8,1245.0,6.433333333333334,2203.474,110.647,20659.102,108.546,251.77033333333333,2.926666666666667,2.04,1.923333333333333,69.75666666666667,257.14,149215.0,17821.094,8969.833333333334,2798.12,804.34,1451034.3333333333,2850.986666666666,153465676.0,328542439.9293286,201106911.6,-21220326.83279109,104646377.77777778,2704945546.0646734,4251410450.0,13675702505.721975
2018-10-01,0.2383606557377049,-0.0233333333333333,1211.03851540633,2954.7333333333336,731.0666666666666,7.866666666666667,1.7312131147540983,18.019,199398.3333333333,3.8333333333333335,202.63333333333333,4.1,5.445717065658358,2395.037,18721.281,4683.0,79.56666666666666,99.32553536911692,263.29,1176.8673464981457,3.083333333333333,252.856482804896,14705.14583603305,106948.0779761991,66319.66666666667,101.38646728531631,42.06666666666667,14119.333333333334,14599.133333333331,1162.0,7.066666666666666,2222.338,111.191,20813.325,108.98666666666666,252.69,3.033333333333333,2.316666666666667,2.22,59.07666666666668,259.95,149621.66666666666,17998.313,9027.033333333333,2838.074,791.779,1445492.0,2692.0,99714960.0,589042361.130742,360563737.44,36930654.55908359,108818893.33333331,2379964643.0750456,4186454850.0,13522242759.462122
2019-01-01,0.1678688524590164,0.1433333333333333,1235.57892797474,2965.933333333333,735.5,8.566666666666666,1.6024262295081968,17.368666666666666,199226.3333333333,3.866666666666666,199.7,4.1,5.654324106175095,2297.206,18833.195,4684.333333333333,79.83333333333333,94.20424258962404,265.68,1208.0541957615767,2.6133333333333333,253.68009990120868,14107.75269243329,107514.48327576756,67165.66666666667,101.12585182400332,41.76666666666667,14155.566666666666,14729.633333333331,1187.0,6.366666666666667,2298.088,111.502,21001.591,109.09966666666666,253.29266666666663,2.6533333333333333,2.3866666666666667,2.4033333333333333,54.82666666666668,263.1,150190.66666666666,18238.894,9226.366666666669,2886.905,796.544,1432799.3333333333,2722.0766666666664,106506500.0,1525619181.6254418,933859753.28,109357237.78903516,101497804.44444443,1915306894.4478333,4135135250.0,15251472534.940037
2019-04-01,0.2109523809523809,-0.0333333333333333,1236.02089415083,2976.6,738.9666666666667,7.433333333333334,1.901873015873016,17.55633333333333,200685.0,3.6,201.36666666666667,4.033333333333333,5.511485397736507,2387.032,18982.528,4693.666666666667,79.8,110.83228228556904,271.31,1103.932309052493,1.8233333333333333,255.62730425356995,12926.25822325216,107813.15013848158,66653.66666666667,101.49788282557734,41.63333333333333,14375.733333333332,14679.3,1274.3333333333333,5.833333333333333,2315.489,112.142,21289.268,109.83533333333332,255.283,2.333333333333333,2.3000000000000003,2.3966666666666665,59.78333333333333,266.67,150730.66666666666,18345.401,9275.4,2946.084,808.452,1436240.3333333333,2850.19,168429660.19999996,7877352914.077739,4821873595.612801,960661978.3890612,126424067.20000002,3019492672.361196,4724233950.0,14186906651.638784
2019-07-01,0.11203125,0.0333333333333333,1237.12612643159,2987.4,742.1666666666666,7.166666666666667,1.770015873015873,17.652,202632.66666666663,3.633333333333333,199.4333333333333,4.166666666666667,5.737327595269568,2381.791,19112.653,4789.0,79.96666666666665,131.9332709493907,275.77,1592.8530627501552,1.3066666666666666,259.3958262832078,13451.588721708637,108358.95836498112,65634.66666666667,101.007132055025,41.5,14529.5,14763.133333333331,1299.6666666666667,5.6000000000000005,2333.193,112.524,21505.012,110.14066666666668,256.225,1.7966666666666666,1.98,2.19,56.370000000000005,269.81,151082.0,18464.749,9326.8,2969.292,821.9,1436749.6666666667,2958.59,145043699.80000004,461097061.1872785,284522227.80967695,-21025901.589287262,107249315.55555557,2513372117.1446,4549078250.0,14373956022.849775
2019-10-01,0.2008064516129032,-0.0333333333333333,1250.64669209227,2996.333333333333,746.5333333333333,7.399999999999999,1.721725806451613,17.375333333333334,202647.66666666663,3.6,198.86666666666667,4.2,5.81130131843596,2405.146,19202.31,4835.0,80.26666666666667,102.049949591638,278.84,1080.523859735323,0.0166666666666666,258.5623914694829,16768.33803826497,109120.13499548174,63987.333333333336,101.38819362599033,41.36666666666667,14653.933333333334,14850.466666666667,1403.0,5.533333333333334,2350.8,112.947,21694.458,110.612,257.7853333333333,1.7933333333333332,1.5766666666666669,1.643333333333333,56.95666666666667,274.12,151571.66666666666,18648.499,9465.6,2952.583,828.767,1431147.3333333333,3122.4775,100328120.0,1073271504.5936396,662267503.3870968,25591803.42711333,112847075.55555557,2942271232.458816,4420591800.0,14388025003.580544
2020-01-01,0.2835483870967742,0.0999999999999999,1262.4593203394,3000.6333333333337,749.9333333333334,9.733333333333334,1.3619354838709676,15.426,197242.0,3.8,196.36666666666667,4.466666666666666,6.296906613962729,2169.465,18951.992,5131.0,80.16666666666667,183.9102576039696,281.32,1088.9184385858966,0.0166666666666666,259.78018298457323,68559.89865116987,147131.71819070354,61419.333333333336,100.987000090903,41.4,14439.066666666666,14963.1,1470.0,5.9,2417.871,113.397,21481.367,110.95833333333331,258.618,1.3766666666666667,1.11,1.26,45.75666666666667,279.39,151879.33333333334,18842.197,9604.066666666668,2900.084,872.872,1404780.3333333333,2995.39,114368280.0,1322699946.9964664,816178560.483871,26573050.878850944,107613266.66666666,2746636058.5723,4350827950.0,16280034028.857023
2020-04-01,0.493968253968254,6.923333333333333,1363.92623447833,2556.133333333333,636.5666666666667,25.96666666666667,0.8671587301587301,11.615333333333334,183939.66666666663,12.966666666666669,188.4333333333333,13.9,16.84398859922097,1942.629,17258.205,5507.333333333333,71.5,458.1338662974533,284.32,909.7584629424006,0.0166666666666666,254.955763684241,78938.39482476786,918639.1301234658,56852.0,98.6071898325064,39.23333333333333,12989.733333333332,16520.333333333332,1087.3333333333333,5.3,4766.711,112.969,19477.444,110.50533333333334,256.4183333333333,0.6866666666666666,0.1433333333333333,0.06,27.80666666666667,282.03,133776.0,20348.681,8978.966666666667,2659.079,797.846,1257119.6666666667,2959.794,9177291.399999931,7336900065.498234,4527270563.11613,802464617.2472907,15695108.84444442,1553490962.782184,2930865799.0,12300155092.311758
2020-07-01,0.5096875,6.556666666666668,1338.10880577938,2727.3,660.6,16.0,1.231375,15.823,209170.0,8.833333333333334,194.26666666666665,10.233333333333333,14.500241244037996,2435.435,18560.774,5732.0,74.8,313.39412787478904,291.16,1296.0753295597133,0.0166666666666666,261.23524065442587,31696.42033952601,613916.4622889227,60980.333333333336,98.66669926139146,40.96666666666667,14293.8,15783.066666666666,1449.0,3.4,3468.27,113.984,21138.574,111.50666666666666,259.43766666666664,0.65,0.1133333333333333,0.0933333333333333,40.89333333333334,291.96,140464.33333333334,19777.446,9410.333333333334,2776.581,917.203,1432878.6666666667,3349.88,582748.6000000685,553327947.2226143,341433753.3354835,197719128.13716784,34998268.0,2553305003.0506406,3962280599.0,13300088343.948627
2020-10-01,0.7148387096774194,3.686666666666667,1413.31592568989,2785.2000000000003,669.4,13.533333333333331,1.252904761904762,16.650666666666666,209144.66666666663,6.766666666666667,198.4333333333333,7.866666666666667,12.157060862633168,2427.518,18767.778,5651.0,76.03333333333335,262.6346968757854,296.2,1585.2043170499169,0.0166666666666666,261.23028157372147,30014.524837979712,335780.69153296127,63237.333333333336,99.08735594943272,41.333333333333336,14467.6,15442.9,1574.0,3.866666666666666,2839.14,114.611,21477.597,111.92833333333334,260.879,0.8633333333333333,0.0933333333333333,0.09,42.45333333333333,304.7,142462.66666666666,19542.0,9783.033333333333,2862.708,1003.201,1469577.0,3608.14,7529680.0,1127421426.1484098,695680980.967742,134949785.6972613,48545804.0,2665662995.7291026,4159125950.0,12556649305.421452
2021-01-01,1.2037704918032788,2.7433333333333336,1311.18841162407,2815.2333333333336,675.4666666666667,20.0,1.784311475409836,17.278000000000002,222745.3333333333,6.2,210.13333333333333,7.166666666666667,10.84544735595446,2551.412,19055.655,5887.666666666667,76.63333333333334,159.8876567632172,302.36,2459.897025118986,0.0166666666666666,261.8793627767401,25990.704290103244,283357.467268015,65066.0,99.30895224013744,41.6,15005.466666666667,17218.766666666666,1581.0,4.333333333333333,5070.55,115.826,22038.226,112.98866666666667,263.5246666666667,1.3166666666666669,0.0499999999999999,0.08,57.79,315.89,143725.0,21867.343,9879.233333333332,2956.702,1065.524,1554950.3333333333,3890.145,2363860.0,1428281147.7031803,881327963.8709677,97326647.26747172,45353952.0,2023137187.3093348,4353132400.0,14295125147.72865
2021-04-01,1.4165625,-0.0766666666666666,1365.83585529401,2843.2000000000003,687.3666666666667,10.833333333333334,2.091190476190476,17.373333333333335,232372.0,5.9,223.9,6.733333333333333,9.59415553493402,2819.2,19368.3,5887.0,77.13333333333334,128.4056852339485,316.33,1522.71740000937,0.0166666666666666,265.0986798494196,22649.058351136788,208280.3426685269,67665.0,99.76080404279747,41.46666666666667,15681.7,15806.566666666666,1591.3333333333333,5.3,3372.262,117.546,22740.959,114.772,268.76030000000003,1.593333,0.0266667,0.07,66.09,332.47,145177.69999999998,20669.9,10180.4,3029.155,1070.226,1625674.6666666667,4205.238,47883711.39999993,7225348277.512368,4458436979.245162,1126034400.8746622,83949976.0,2031506772.4222083,5078671751.0,11630300422.351591
